MapDate,State,None,D0,D1,D2,D3,D4
20221206,Alaska,100,0,0,0,0,0
20221129,Alaska,100,0,0,0,0,0
20221122,Alaska,100,0,0,0,0,0
20221115,Alaska,100,0,0,0,0,0
20221108,Alaska,100,0,0,0,0,0
20221101,Alaska,100,0,0,0,0,0
20221025,Alaska,100,0,0,0,0,0
20221018,Alaska,100,0,0,0,0,0
20221011,Alaska,100,0,0,0,0,0
20221004,Alaska,100,0,0,0,0,0
20220927,Alaska,99.25,0.75,0,0,0,0
20220920,Alaska,99.25,0.75,0,0,0,0
20220913,Alaska,99.37,0.63,0,0,0,0
20220906,Alaska,99.37,0.63,0,0,0,0
20220830,Alaska,97.98,2.02,0,0,0,0
20220823,Alaska,97.98,2.02,0,0,0,0
20220816,Alaska,97.25,2.75,0,0,0,0
20220809,Alaska,97.25,2.75,0,0,0,0
20220802,Alaska,94.07,5.93,0.72,0,0,0
20220726,Alaska,79.31,20.69,0.64,0,0,0
20220719,Alaska,63.7,36.3,6.94,0,0,0
20220712,Alaska,56.37,43.63,15.95,1.27,0,0
20220705,Alaska,54.78,45.22,17.9,1.27,0,0
20220628,Alaska,53.84,46.16,15.6,0.67,0,0
20220621,Alaska,54.17,45.83,11.15,0.1,0,0
20220614,Alaska,55.53,44.47,11.79,0.1,0,0
20220607,Alaska,62.85,37.15,1.54,0,0,0
20220531,Alaska,83.98,16.02,0.93,0,0,0
20220524,Alaska,91.24,8.76,0,0,0,0
20220517,Alaska,96.97,3.03,0,0,0,0
20220510,Alaska,96.97,3.03,0,0,0,0
20220503,Alaska,96.97,3.03,0,0,0,0
20220426,Alaska,96.97,3.03,0,0,0,0
20220419,Alaska,100,0,0,0,0,0
20220412,Alaska,100,0,0,0,0,0
20220405,Alaska,100,0,0,0,0,0
20220329,Alaska,100,0,0,0,0,0
20220322,Alaska,100,0,0,0,0,0
20220315,Alaska,100,0,0,0,0,0
20220308,Alaska,100,0,0,0,0,0
20220301,Alaska,100,0,0,0,0,0
20220222,Alaska,100,0,0,0,0,0
20220215,Alaska,100,0,0,0,0,0
20220208,Alaska,100,0,0,0,0,0
20220201,Alaska,100,0,0,0,0,0
20220125,Alaska,100,0,0,0,0,0
20220118,Alaska,100,0,0,0,0,0
20220111,Alaska,100,0,0,0,0,0
20220104,Alaska,100,0,0,0,0,0
20211228,Alaska,100,0,0,0,0,0
20221206,Alabama,16.08,83.92,36.05,1.64,0,0
20221129,Alabama,9.93,90.07,51.63,6.16,0,0
20221122,Alabama,4.32,95.68,48.87,4.87,0,0
20221115,Alabama,11.52,88.48,41.47,4.67,0,0
20221108,Alabama,11.27,88.73,41.55,4.92,0,0
20221101,Alabama,26.62,73.38,30.1,3.64,0,0
20221025,Alabama,22.35,77.65,31.7,8.22,0,0
20221018,Alabama,22.99,77.01,18.41,1.36,0,0
20221011,Alabama,2,98,27.16,0.33,0,0
20221004,Alabama,35.95,64.05,13.73,0,0,0
20220927,Alabama,67.58,32.42,0,0,0,0
20220920,Alabama,93.37,6.63,0,0,0,0
20220913,Alabama,97.67,2.33,0,0,0,0
20220906,Alabama,97.26,2.74,0.5,0,0,0
20220830,Alabama,95.28,4.72,0.5,0,0,0
20220823,Alabama,94.58,5.42,0.5,0.15,0,0
20220816,Alabama,79.33,20.67,3.76,0.18,0,0
20220809,Alabama,80.15,19.85,3.73,0.38,0,0
20220802,Alabama,75.41,24.59,5.79,0.37,0,0
20220726,Alabama,70.28,29.72,7.56,0.37,0,0
20220719,Alabama,70.03,29.97,6,0.06,0,0
20220712,Alabama,60.49,39.51,8.87,0.06,0,0
20220705,Alabama,65.27,34.73,6.25,0.06,0,0
20220628,Alabama,51.52,48.48,1.86,0,0,0
20220621,Alabama,81.55,18.45,0.08,0,0,0
20220614,Alabama,99.18,0.82,0,0,0,0
20220607,Alabama,97.13,2.87,0,0,0,0
20220531,Alabama,96.15,3.85,0,0,0,0
20220524,Alabama,71.94,28.06,0,0,0,0
20220517,Alabama,69.06,30.94,0,0,0,0
20220510,Alabama,96.05,3.95,0,0,0,0
20220503,Alabama,97.02,2.98,0,0,0,0
20220426,Alabama,97.04,2.96,0,0,0,0
20220419,Alabama,97.04,2.96,0,0,0,0
20220412,Alabama,87.61,12.39,0.68,0,0,0
20220405,Alabama,85.94,14.06,0.68,0,0,0
20220329,Alabama,83.92,16.08,0.68,0,0,0
20220322,Alabama,82.08,17.92,0.84,0,0,0
20220315,Alabama,65.74,34.26,7.1,0,0,0
20220308,Alabama,65.74,34.26,7.1,0,0,0
20220301,Alabama,75.04,24.96,3.28,0,0,0
20220222,Alabama,75.48,24.52,3.32,0,0,0
20220215,Alabama,87.94,12.06,2.25,0,0,0
20220208,Alabama,87.94,12.06,2.25,0,0,0
20220201,Alabama,82.74,17.26,4.85,0,0,0
20220125,Alabama,82.74,17.26,4.85,0,0,0
20220118,Alabama,82.74,17.26,4.85,0,0,0
20220111,Alabama,81.48,18.52,4.85,0,0,0
20220104,Alabama,76.82,23.18,3.44,0,0,0
20211228,Alabama,54.93,45.07,2.94,0,0,0
20221206,Arizona,0.3,99.7,78.39,32.25,0,0
20221129,Arizona,0.29,99.71,78.64,40.32,0,0
20221122,Arizona,0,100,88.07,40.36,0,0
20221115,Arizona,0,100,88.07,40.15,0,0
20221108,Arizona,0,100,88.07,39.57,0,0
20221101,Arizona,0,100,99.97,65.99,8.79,0
20221025,Arizona,0,100,100,80.43,17.81,0
20221018,Arizona,0,100,97.59,77,23.52,0
20221011,Arizona,0,100,90.84,70.73,25.77,0
20221004,Arizona,2.84,97.16,78.76,56.96,9.53,0
20220927,Arizona,4.99,95.01,69.68,39.3,2.96,0
20220920,Arizona,28.02,71.98,51.17,11.63,0.01,0
20220913,Arizona,31.74,68.26,45.98,4.56,0.01,0
20220906,Arizona,31.69,68.31,45.98,4.56,0.01,0
20220830,Arizona,24.29,75.71,58.13,28.33,0.01,0
20220823,Arizona,20.98,79.02,59.35,33.72,0.96,0
20220816,Arizona,14.62,85.38,72.43,37.36,1.79,0
20220809,Arizona,8.92,91.08,72.58,41.69,3.21,0
20220802,Arizona,7.06,92.94,82.33,49.49,3.29,0
20220726,Arizona,0,100,89.08,54.43,22.38,0
20220719,Arizona,0,100,89.6,26.78,1.35,0
20220712,Arizona,0,100,40.61,0.48,0,0
20220705,Arizona,57.59,42.41,13.58,0.48,0,0
20220628,Arizona,68.12,31.88,1.85,0,0,0
20220621,Arizona,97.04,2.96,0,0,0,0
20220614,Arizona,99.87,0.13,0,0,0,0
20220607,Arizona,96.45,3.55,0,0,0,0
20220531,Arizona,96.22,3.78,0,0,0,0
20220524,Arizona,96.22,3.78,0,0,0,0
20220517,Arizona,93.49,6.51,0,0,0,0
20220510,Arizona,93.49,6.51,0,0,0,0
20220503,Arizona,85.85,14.15,0.04,0,0,0
20220426,Arizona,82.98,17.02,5.96,0,0,0
20220419,Arizona,78.61,21.39,9.48,0,0,0
20220412,Arizona,72.3,27.7,14.94,4.51,0,0
20220405,Arizona,71.84,28.16,20.24,11.53,0,0
20220329,Arizona,69.31,30.69,24.61,12.04,0,0
20220322,Arizona,64.93,35.07,26.84,13.9,3.27,0
20220315,Arizona,59.48,40.52,34.22,24.33,4.52,0
20220308,Arizona,59.48,40.52,34.22,24.33,4.52,0
20220301,Arizona,59.66,40.34,34.22,24.33,4.52,0
20220222,Arizona,56.7,43.3,35.1,25.35,4.74,0
20220215,Arizona,45.42,54.58,36.99,28.43,4.74,0
20220208,Arizona,58.19,41.81,29.52,13.67,3.29,0
20220201,Arizona,57.18,42.82,29.99,19.32,3.78,0
20220125,Arizona,57.18,42.82,29.99,19.32,1.27,0
20220118,Arizona,57.51,42.49,26.86,15.17,1.07,0
20220111,Arizona,57.45,42.55,23.57,13.83,0.41,0
20220104,Arizona,39.91,60.09,28.99,14.24,0.41,0
20211228,Arizona,23.76,76.24,29.83,2.67,0,0
20221206,Arizona,9.56,90.44,43.45,10.56,0,0
20221129,Arizona,0,100,46.85,10.56,0,0
20221122,Arizona,0,100,46.83,12.78,0,0
20221115,Arizona,0,100,46.83,12.78,0,0
20221108,Arizona,0,100,46.83,12.78,0,0
20221101,Arizona,0,100,46.83,12.78,0,0
20221025,Arizona,0,100,46.83,12.78,0,0
20221018,Arizona,0,100,46.83,12.78,0,0
20221011,Arizona,0,100,56.7,18.4,0,0
20221004,Arizona,0,100,56.7,18.33,0,0
20220927,Arizona,0,100,56.72,18.47,0,0
20220920,Arizona,0,100,63.81,23,0,0
20220913,Arizona,0,100,66.12,23,0,0
20220906,Arizona,0,100,66.88,23.48,0.51,0
20220830,Arizona,0,100,66.88,23.48,2.89,0
20220823,Arizona,0,100,73.22,28.67,2.89,0
20220816,Arizona,0,100,84.98,33.58,3.31,0
20220809,Arizona,0,100,89.68,55.32,11.35,0.39
20220802,Arizona,0,100,90.06,59.65,14.41,1.32
20220726,Arizona,0,100,93.05,60.37,16.64,2.08
20220719,Arizona,0,100,98.48,67.85,25.9,3.01
20220712,Arizona,0,100,98.48,67.83,25.9,3.01
20220705,Arizona,0,100,98.48,69.79,25.9,3.01
20220628,Arizona,0,100,98.48,71.71,26.21,3.01
20220621,Arizona,0,100,98.48,77.9,26.77,3.01
20220614,Arizona,0,100,98.48,77.9,26.77,3.01
20220607,Arizona,0,100,98.48,77.9,26.77,3.01
20220531,Arizona,0,100,98.48,77.88,26.77,3.01
20220524,Arizona,0,100,98.48,77.88,26.77,3.01
20220517,Arizona,0,100,98.48,67.47,21.33,3.01
20220510,Arizona,0,100,98.48,62.23,17.65,0
20220503,Arizona,0,100,98.48,62.22,10.26,0
20220426,Arizona,0,100,98.48,62.22,6.28,0
20220419,Arizona,0,100,86.42,59.77,6.28,0
20220412,Arizona,0,100,86.42,59.77,6.28,0
20220405,Arizona,0,100,86.42,59.77,6.28,0
20220329,Arizona,0,100,75.35,29.49,6.28,0
20220322,Arizona,0,100,75.35,29.49,6.28,0
20220315,Arizona,0,100,75.35,29.49,6.28,0
20220308,Arizona,0,100,75.35,29.49,6.28,0
20220301,Arizona,0,100,75.35,29.49,6.28,0
20220222,Arizona,0,100,56.71,25.89,5.08,0
20220215,Arizona,0,100,56.71,25.89,5.08,0
20220208,Arizona,0,100,56.71,25.84,5.08,0
20220201,Arizona,0,100,56.71,25.8,5.08,0
20220125,Arizona,0,100,56.71,25.8,5.08,0
20220118,Arizona,0,100,56.71,25.8,5.08,0
20220111,Arizona,0,100,56.71,25.8,5.08,0
20220104,Arizona,0,100,55.74,26.15,5.08,0
20211228,Arizona,0,100,60.92,26.2,5.08,0
20221206,California,0,100,99.48,84.97,40.08,12.73
20221129,California,0,100,99.48,84.97,40.92,12.73
20221122,California,0,100,99.48,84.97,40.92,12.73
20221115,California,0,100,99.48,84.97,40.92,12.73
20221108,California,0,100,99.51,88.09,41.39,16.57
20221101,California,0,100,99.77,91.83,43.06,16.57
20221025,California,0,100,99.77,91.83,43.06,16.57
20221018,California,0,100,99.77,91.83,40.91,16.57
20221011,California,0,100,99.77,93.99,40.91,16.57
20221004,California,0,100,99.77,94.02,40.91,16.57
20220927,California,0,100,99.76,94.01,40.91,16.57
20220920,California,0,100,99.76,94.06,40.91,16.57
20220913,California,0,100,99.76,94.06,40.91,16.57
20220906,California,0,100,99.76,97.52,40.18,16.57
20220830,California,0,100,99.76,97.52,40.18,16.57
20220823,California,0,100,99.76,97.53,43.16,16.57
20220816,California,0,100,99.76,97.53,43.16,16.57
20220809,California,0,100,99.77,97.52,45.81,16.53
20220802,California,0,100,99.78,97.47,59.81,12.12
20220726,California,0,100,99.78,97.47,59.81,12.74
20220719,California,0,100,99.78,97.47,59.81,12.74
20220712,California,0,100,99.8,97.48,59.81,12.74
20220705,California,0,100,99.8,97.48,59.81,11.59
20220628,California,0,100,99.79,97.48,59.81,11.59
20220621,California,0,100,99.79,97.48,59.81,11.59
20220614,California,0,100,99.79,97.48,59.81,11.59
20220607,California,0,100,99.79,97.48,59.81,11.59
20220531,California,0,100,99.86,97.56,59.81,11.59
20220524,California,0,100,99.86,97.56,59.81,11.59
20220517,California,0,100,99.86,95.14,59.81,0.18
20220510,California,0,100,99.86,95.14,59.81,0
20220503,California,0,100,100,95.18,40.51,0
20220426,California,0,100,100,95.18,40.56,0
20220419,California,0,100,100,95.18,40.81,0
20220412,California,0,100,100,95.75,46.87,0
20220405,California,0,100,100,93.65,40.67,0
20220329,California,0,100,100,93.65,40.25,0
20220322,California,0,100,100,93.65,37.69,0
20220315,California,0,100,100,93.23,35.22,0
20220308,California,0,100,100,86.98,12.82,0
20220301,California,0,100,100,86.98,12.82,0
20220222,California,0,100,100,68.77,6.7,0
20220215,California,0,100,99.57,66.39,1.39,0
20220208,California,0,100,99.25,66.42,1.39,0
20220201,California,0,100,99.25,66.39,1.39,0
20220125,California,0,100,99.25,66.39,1.39,0
20220118,California,0,100,99.25,66.39,1.39,0
20220111,California,0,100,99.25,66.39,1.39,0
20220104,California,0,100,99.3,67.62,16.6,0.84
20211228,California,0,100,100,86.28,32.93,0.84
20221206,CO,16.26,83.74,43.34,31.27,4.35,0.58
20221129,CO,16.25,83.75,47.2,23.68,4.34,0.57
20221122,CO,16.27,83.73,49.35,25.2,4.34,0.57
20221115,CO,16.91,83.09,48.6,23.69,3.29,0.57
20221108,CO,16.91,83.09,46.94,23.13,3.29,0.57
20221101,CO,16.91,83.09,46.57,14.28,3.13,0.57
20221025,CO,17.78,82.22,48.66,14.56,3.13,0.57
20221018,CO,23,77,43.01,14.02,3.09,0.57
20221011,CO,23,77,43.01,13.55,3.09,0.57
20221004,CO,24.95,75.05,43.62,13.41,3.16,0.57
20220927,CO,15.46,84.54,45.65,15.47,3.73,0.57
20220920,CO,15.72,84.28,47.84,17.53,3.91,0.57
20220913,CO,15.72,84.28,46.41,16.97,3.91,0.57
20220906,CO,15.72,84.28,46.41,16.95,3.91,0.59
20220830,CO,13.14,86.86,46.41,16.96,4.17,0.59
20220823,CO,12.67,87.33,56.65,22.68,4.7,0.58
20220816,CO,8.24,91.76,57.92,23.67,5.04,0.58
20220809,CO,8.24,91.76,58.22,26.92,4.98,0.58
20220802,CO,3.27,96.73,61.57,30.5,4.95,0
20220726,CO,2.78,97.22,79.49,37,4.95,0
20220719,CO,2.78,97.22,82.26,40.36,4.91,0
20220712,CO,1.52,98.48,82.84,31.59,4.88,0
20220705,CO,1.52,98.48,82.84,44.6,5.06,0.07
20220628,CO,1.17,98.83,86.07,44.87,5.9,0.23
20220621,CO,1.09,98.91,81.55,43.08,12.76,0.23
20220614,CO,1.09,98.91,81.75,42.97,15.89,0.23
20220607,CO,1.09,98.91,83.55,42.56,13.27,0.78
20220531,CO,1.09,98.91,87.5,57.03,15.5,0.99
20220524,CO,0,100,89.73,59.61,18.12,2.61
20220517,CO,0,100,93.46,63.89,22.98,2.61
20220510,CO,0,100,91.5,57.44,5.81,1.2
20220503,CO,0,100,90.98,47.58,4.46,0.53
20220426,CO,0,100,88.57,47.62,4.46,0.53
20220419,CO,0,100,86.78,33.13,4.45,0.53
20220412,CO,0,100,82.9,31.94,4.32,0.53
20220405,CO,0,100,82.85,31.94,4.32,0.13
20220329,CO,0,100,82.85,33.5,7.11,0.13
20220322,CO,0,100,82.83,33.5,7.11,0.13
20220315,CO,0,100,91.57,56.87,8.3,0.13
20220308,CO,0,100,91.57,57.26,6.1,0.13
20220301,CO,0,100,91.57,57.26,8.27,0.09
20220222,CO,0,100,90.41,58.82,8.55,0
20220215,CO,0,100,90.41,59.81,8.55,0
20220208,CO,0,100,88.17,61.99,8.55,0
20220201,CO,0,100,88.17,65.07,19.09,0
20220125,CO,0,100,88.32,65.93,20.68,0
20220118,CO,0,100,88.32,65.93,19.7,0
20220111,CO,0,100,88.32,65.93,20.59,0
20220104,CO,0,100,95.49,67.08,22.25,0
20211228,CO,0,100,100,67.27,22.21,0
20221206,CT,53.47,46.53,2.21,0,0,0
20221129,CT,53.47,46.53,2.21,0,0,0
20221122,CT,53.47,46.53,2.21,0,0,0
20221115,CT,53.48,46.52,2.21,0,0,0
20221108,CT,53.48,46.52,2.43,0,0,0
20221101,CT,53.48,46.52,2.43,0,0,0
20221025,CT,46.85,53.15,2.43,0,0,0
20221018,CT,33.46,66.54,13.07,0,0,0
20221011,CT,0,100,58.78,12.52,0,0
20221004,CT,0,100,59.97,17.84,0,0
20220927,CT,0,100,70.06,28.07,0,0
20220920,CT,0,100,100,39.66,0,0
20220913,CT,0,100,100,39.66,0.29,0
20220906,CT,0,100,100,45.9,0.29,0
20220830,CT,0,100,100,100,2.01,0
20220823,CT,0,100,100,86.6,13.01,0
20220816,CT,0,100,99.99,75.14,13.01,0
20220809,CT,0,100,75.72,31.74,0,0
20220802,CT,9.24,90.76,68.82,26.23,0,0
20220726,CT,10.8,89.2,54.05,17.03,0,0
20220719,CT,10.8,89.2,46.3,0,0,0
20220712,CT,0,100,46.3,0,0,0
20220705,CT,37.56,62.44,39.48,0,0,0
20220628,CT,37.85,62.15,39.48,0,0,0
20220621,CT,43.54,56.46,21.21,0,0,0
20220614,CT,43.54,56.46,21.21,0,0,0
20220607,CT,43.54,56.46,21.21,0,0,0
20220531,CT,52.2,47.8,21.21,0,0,0
20220524,CT,67.77,32.23,2.09,0,0,0
20220517,CT,72.86,27.14,0,0,0,0
20220510,CT,100,0,0,0,0,0
20220503,CT,100,0,0,0,0,0
20220426,CT,100,0,0,0,0,0
20220419,CT,100,0,0,0,0,0
20220412,CT,100,0,0,0,0,0
20220405,CT,98.56,1.44,0,0,0,0
20220329,CT,96.27,3.73,0,0,0,0
20220322,CT,96.27,3.73,0,0,0,0
20220315,CT,100,0,0,0,0,0
20220308,CT,100,0,0,0,0,0
20220301,CT,100,0,0,0,0,0
20220222,CT,100,0,0,0,0,0
20220215,CT,100,0,0,0,0,0
20220208,CT,100,0,0,0,0,0
20220201,CT,100,0,0,0,0,0
20220125,CT,100,0,0,0,0,0
20220118,CT,100,0,0,0,0,0
20220111,CT,100,0,0,0,0,0
20220104,CT,100,0,0,0,0,0
20211228,CT,100,0,0,0,0,0
20221206,DC,100,0,0,0,0,0
20221129,DC,100,0,0,0,0,0
20221122,DC,100,0,0,0,0,0
20221115,DC,0,100,0,0,0,0
20221108,DC,0,100,0,0,0,0
20221101,DC,100,0,0,0,0,0
20221025,DC,100,0,0,0,0,0
20221018,DC,100,0,0,0,0,0
20221011,DC,100,0,0,0,0,0
20221004,DC,100,0,0,0,0,0
20220927,DC,98.08,1.92,0,0,0,0
20220920,DC,98.08,1.92,0,0,0,0
20220913,DC,100,0,0,0,0,0
20220906,DC,100,0,0,0,0,0
20220830,DC,100,0,0,0,0,0
20220823,DC,100,0,0,0,0,0
20220816,DC,100,0,0,0,0,0
20220809,DC,100,0,0,0,0,0
20220802,DC,100,0,0,0,0,0
20220726,DC,100,0,0,0,0,0
20220719,DC,100,0,0,0,0,0
20220712,DC,100,0,0,0,0,0
20220705,DC,100,0,0,0,0,0
20220628,DC,100,0,0,0,0,0
20220621,DC,100,0,0,0,0,0
20220614,DC,100,0,0,0,0,0
20220607,DC,100,0,0,0,0,0
20220531,DC,100,0,0,0,0,0
20220524,DC,100,0,0,0,0,0
20220517,DC,100,0,0,0,0,0
20220510,DC,100,0,0,0,0,0
20220503,DC,34.79,65.21,0,0,0,0
20220426,DC,34.79,65.21,0,0,0,0
20220419,DC,34.79,65.21,0,0,0,0
20220412,DC,21.71,78.29,0,0,0,0
20220405,DC,20.7,79.3,0,0,0,0
20220329,DC,20.7,79.3,0,0,0,0
20220322,DC,20.7,79.3,0,0,0,0
20220315,DC,0,100,0,0,0,0
20220308,DC,0,100,0,0,0,0
20220301,DC,100,0,0,0,0,0
20220222,DC,100,0,0,0,0,0
20220215,DC,100,0,0,0,0,0
20220208,DC,100,0,0,0,0,0
20220201,DC,100,0,0,0,0,0
20220125,DC,100,0,0,0,0,0
20220118,DC,100,0,0,0,0,0
20220111,DC,100,0,0,0,0,0
20220104,DC,100,0,0,0,0,0
20211228,DC,0,100,0,0,0,0
20221206,DE,100,0,0,0,0,0
20221129,DE,100,0,0,0,0,0
20221122,DE,100,0,0,0,0,0
20221115,DE,100,0,0,0,0,0
20221108,DE,100,0,0,0,0,0
20221101,DE,100,0,0,0,0,0
20221025,DE,100,0,0,0,0,0
20221018,DE,100,0,0,0,0,0
20221011,DE,100,0,0,0,0,0
20221004,DE,91.86,8.14,0,0,0,0
20220927,DE,28.1,71.9,8.24,0,0,0
20220920,DE,28.1,71.9,8.24,0,0,0
20220913,DE,18.69,81.31,18.78,3.87,0,0
20220906,DE,18.69,81.31,18.78,3.87,0,0
20220830,DE,56.15,43.85,11.59,0,0,0
20220823,DE,61.39,38.61,7.13,0,0,0
20220816,DE,58.56,41.44,7.13,0,0,0
20220809,DE,62.21,37.79,6.5,0,0,0
20220802,DE,87.11,12.89,4.98,0,0,0
20220726,DE,87.11,12.89,4.98,0,0,0
20220719,DE,91.7,8.3,0,0,0,0
20220712,DE,91.7,8.3,0,0,0,0
20220705,DE,100,0,0,0,0,0
20220628,DE,100,0,0,0,0,0
20220621,DE,100,0,0,0,0,0
20220614,DE,100,0,0,0,0,0
20220607,DE,100,0,0,0,0,0
20220531,DE,100,0,0,0,0,0
20220524,DE,88.21,11.79,0,0,0,0
20220517,DE,88.21,11.79,0,0,0,0
20220510,DE,87.53,12.47,0,0,0,0
20220503,DE,60.77,39.23,0,0,0,0
20220426,DE,60.77,39.23,0,0,0,0
20220419,DE,60.77,39.23,0,0,0,0
20220412,DE,43.48,56.52,0,0,0,0
20220405,DE,38.3,61.7,15.93,0,0,0
20220329,DE,38.3,61.7,15.93,0,0,0
20220322,DE,31.51,68.49,15.93,0,0,0
20220315,DE,59.62,40.38,8.91,0,0,0
20220308,DE,59.62,40.38,9.02,0,0,0
20220301,DE,88.58,11.42,0,0,0,0
20220222,DE,93,7,0,0,0,0
20220215,DE,93,7,0,0,0,0
20220208,DE,93,7,0,0,0,0
20220201,DE,93,7,0,0,0,0
20220125,DE,64.04,35.96,0,0,0,0
20220118,DE,56.74,43.26,0,0,0,0
20220111,DE,55.74,44.26,0,0,0,0
20220104,DE,55.41,44.59,0,0,0,0
20211228,DE,0,100,0,0,0,0
20221206,FL,66.72,33.28,29.86,21.88,0,0
20221129,FL,68.17,31.83,29.86,21.82,0,0
20221122,FL,68.25,31.75,29.86,19.77,0,0
20221115,FL,68.3,31.7,29.86,19.77,0,0
20221108,FL,64.27,35.73,31.58,26.82,0,0
20221101,FL,64.27,35.73,27.8,17.53,0,0
20221025,FL,67.44,32.56,21.98,9.75,0,0
20221018,FL,69.77,30.23,18.19,0.34,0,0
20221011,FL,80.98,19.02,4.9,0.57,0,0
20221004,FL,88.44,11.56,4,0,0,0
20220927,FL,91.16,8.84,0,0,0,0
20220920,FL,81.48,18.52,1.19,0,0,0
20220913,FL,79.5,20.5,2.55,0,0,0
20220906,FL,79.5,20.5,2.55,0,0,0
20220830,FL,79.5,20.5,1,0,0,0
20220823,FL,83.52,16.48,1.31,0,0,0
20220816,FL,88.56,11.44,1.07,0,0,0
20220809,FL,91.95,8.05,0,0,0,0
20220802,FL,93.33,6.67,0,0,0,0
20220726,FL,93.33,6.67,0,0,0,0
20220719,FL,90.15,9.85,0,0,0,0
20220712,FL,89.63,10.37,0,0,0,0
20220705,FL,76.5,23.5,0,0,0,0
20220628,FL,77.32,22.68,0,0,0,0
20220621,FL,82.98,17.02,0,0,0,0
20220614,FL,89.13,10.87,0,0,0,0
20220607,FL,81.81,18.19,0.55,0,0,0
20220531,FL,82.82,17.18,5.55,0,0,0
20220524,FL,65.71,34.29,7.96,1.07,0,0
20220517,FL,63.24,36.76,15.53,1.07,0,0
20220510,FL,63.24,36.76,15.53,2.12,0,0
20220503,FL,61.77,38.23,17.84,3.59,0,0
20220426,FL,66.34,33.66,24.28,5.16,0,0
20220419,FL,66.45,33.55,21.44,3.55,0,0
20220412,FL,59.28,40.72,21.45,3.42,0,0
20220405,FL,57.67,42.33,21.38,0.83,0,0
20220329,FL,45.82,54.18,22.62,0,0,0
20220322,FL,44.96,55.04,22.62,0,0,0
20220315,FL,36.03,63.97,43.18,0,0,0
20220308,FL,11.38,88.62,52.27,2.21,0,0
20220301,FL,15.16,84.84,32.94,0,0,0
20220222,FL,28.85,71.15,13.11,0,0,0
20220215,FL,47.24,52.76,0.04,0,0,0
20220208,FL,76.41,23.59,0.04,0,0,0
20220201,FL,82.72,17.28,1.36,0,0,0
20220125,FL,82.72,17.28,1.36,0,0,0
20220118,FL,84.18,15.82,1.34,0,0,0
20220111,FL,69.1,30.9,1.34,0,0,0
20220104,FL,76.97,23.03,0.1,0,0,0
20211228,FL,77.37,22.63,0,0,0,0
20221206,GA,30.45,69.55,40.56,0,0,0
20221129,GA,30.81,69.19,47.68,20.27,0,0
20221122,GA,29.65,70.35,45.09,20.27,0,0
20221115,GA,33.39,66.61,45.09,18.99,0,0
20221108,GA,15.32,84.68,51.88,28.92,0,0
20221101,GA,23.41,76.59,39.53,15.66,0,0
20221025,GA,32.03,67.97,35.98,15.67,0,0
20221018,GA,36.7,63.3,22.79,5.72,0,0
20221011,GA,23.85,76.15,20.98,1.93,0,0
20221004,GA,70.82,29.18,2.48,0,0,0
20220927,GA,76.2,23.8,0,0,0,0
20220920,GA,98.63,1.37,0,0,0,0
20220913,GA,100,0,0,0,0,0
20220906,GA,100,0,0,0,0,0
20220830,GA,99.92,0.08,0,0,0,0
20220823,GA,99.95,0.05,0,0,0,0
20220816,GA,85.25,14.75,0,0,0,0
20220809,GA,77.04,22.96,0,0,0,0
20220802,GA,81.03,18.97,0,0,0,0
20220726,GA,56.44,43.56,0.39,0,0,0
20220719,GA,41.83,58.17,7.5,0,0,0
20220712,GA,22.13,77.87,28.71,0,0,0
20220705,GA,10.16,89.84,49.62,6.55,0,0
20220628,GA,6.45,93.55,54.94,3.41,0,0
20220621,GA,16.51,83.49,25.92,3.31,0,0
20220614,GA,50.14,49.86,15.93,3.31,0,0
20220607,GA,67.28,32.72,11.6,3.31,0,0
20220531,GA,67.76,32.24,9.92,3.31,0,0
20220524,GA,44.98,55.02,9.41,3.31,0,0
20220517,GA,26.74,73.26,24.8,4.99,0,0
20220510,GA,58.09,41.91,24.8,1.52,0,0
20220503,GA,51,49,22.55,0,0,0
20220426,GA,56.45,43.55,18.46,0,0,0
20220419,GA,56.45,43.55,15.14,0,0,0
20220412,GA,54.28,45.72,17.11,0,0,0
20220405,GA,45.79,54.21,28.13,0,0,0
20220329,GA,43.84,56.16,32.14,0,0,0
20220322,GA,39.27,60.73,16.94,0,0,0
20220315,GA,36.73,63.27,30.13,0,0,0
20220308,GA,35.97,64.03,25.23,0,0,0
20220301,GA,60.65,39.35,10.52,0,0,0
20220222,GA,68.74,31.26,3.97,0,0,0
20220215,GA,80.37,19.63,1.66,0,0,0
20220208,GA,81.13,18.87,0,0,0,0
20220201,GA,84.82,15.18,0,0,0,0
20220125,GA,86.7,13.3,0,0,0,0
20220118,GA,88.71,11.29,0,0,0,0
20220111,GA,85.34,14.66,0,0,0,0
20220104,GA,97.01,2.99,0,0,0,0
20211228,GA,50.77,49.23,0,0,0,0
20221206,HI,27.47,72.53,35.2,11.41,3.66,0.24
20221129,HI,41.81,58.19,30.06,10.52,3.26,0.24
20221122,HI,41.81,58.19,30.06,10.52,3.26,0.24
20221115,HI,41.81,58.19,30.06,10.52,3.26,0.24
20221108,HI,41.81,58.19,30.06,10.52,3.26,0.24
20221101,HI,17.58,82.42,50.43,23.87,3.26,0.24
20221025,HI,12.85,87.15,64.61,25.41,3.22,0.24
20221018,HI,12.73,87.27,74.04,36.7,3.72,0.24
20221011,HI,10.29,89.71,76.01,40.45,3.67,0.24
20221004,HI,7.31,92.69,77.59,43.92,3.82,0.24
20220927,HI,2.57,97.43,81.12,51.16,4.32,0.24
20220920,HI,2.35,97.65,91.13,21.25,4.85,0.24
20220913,HI,1.52,98.48,91.35,22.01,3.99,0.24
20220906,HI,0,100,93.95,32.71,7.49,1.66
20220830,HI,0,100,93.95,32.71,7.49,1.66
20220823,HI,4.68,95.32,62.28,23.93,8.48,1.44
20220816,HI,4.68,95.32,62.28,23.93,8.48,1.44
20220809,HI,4.77,95.23,40.24,18.25,6.64,0.76
20220802,HI,4.77,95.23,39.7,16.64,5.39,0.76
20220726,HI,37.11,62.89,39.7,16.64,4.11,0
20220719,HI,37.11,62.89,39.7,16.64,4.11,0
20220712,HI,35.59,64.41,40.38,16.64,4.11,0
20220705,HI,35.59,64.41,34.66,14.43,4.11,0
20220628,HI,35.59,64.41,34.66,14.43,4.11,0
20220621,HI,37.74,62.26,34.66,13.33,4.11,0
20220614,HI,37.7,62.3,25.56,13.15,3.98,0
20220607,HI,56.33,43.67,24.33,13.08,3.08,0
20220531,HI,45.89,54.11,40.38,19.01,4.71,0.26
20220524,HI,44.38,55.62,40.38,19.01,4.21,0.26
20220517,HI,38.13,61.87,43.07,21.85,5.33,0.26
20220510,HI,39.88,60.12,44.51,21.85,5.33,0.26
20220503,HI,31.96,68.04,47.06,22.28,3.13,0
20220426,HI,32.52,67.48,48.34,23.36,3.14,0
20220419,HI,29.03,70.97,48.34,23.36,3.14,0
20220412,HI,10.18,89.82,71.89,26.46,3.01,0
20220405,HI,10.18,89.82,74,27.63,2.93,0
20220329,HI,0,100,78.71,34.44,2.93,0
20220322,HI,0,100,79.61,32.92,0,0
20220315,HI,0,100,76.91,29.17,0,0
20220308,HI,10.96,89.04,73.78,2.96,0,0
20220301,HI,14.8,85.2,79.17,2.96,0,0
20220222,HI,14.8,85.2,79.17,1.7,0,0
20220215,HI,13.55,86.45,79.17,2.77,0,0
20220208,HI,0,100,86.4,2.37,0,0
20220201,HI,0,100,81.42,0,0,0
20220125,HI,18.58,81.42,0,0,0,0
20220118,HI,100,0,0,0,0,0
20220111,HI,100,0,0,0,0,0
20220104,HI,97.78,2.22,0,0,0,0
20211228,HI,82.98,17.02,2.22,0,0,0
20221206,IA,7.31,92.69,73.35,29.84,12.01,0.57
20221129,IA,7.41,92.59,73.35,29.84,12.01,0.57
20221122,IA,7.36,92.64,73.3,29.84,12.01,0.57
20221115,IA,7.36,92.64,73.3,29.84,12.01,0.57
20221108,IA,7.36,92.64,73.3,29.27,11.11,0.57
20221101,IA,0,100,88.95,44.94,10.63,0.17
20221025,IA,0,100,87.67,38.28,7.11,0.17
20221018,IA,0,100,84.15,35.05,7.11,0.02
20221011,IA,0,100,57.46,26.99,7.07,0.02
20221004,IA,15.36,84.64,51.61,25.21,5.07,0.02
20220927,IA,20.9,79.1,45.05,22.25,5.07,0.02
20220920,IA,30.43,69.57,41.89,20.39,2.2,0.02
20220913,IA,32.87,67.13,40.99,23.04,5.64,0.02
20220906,IA,37.65,62.35,40.18,20.23,2.2,0.02
20220830,IA,37.8,62.2,40.07,19.27,2.08,0
20220823,IA,34.28,65.72,38.87,15.92,2.08,0
20220816,IA,33.1,66.9,38.72,15.92,2.08,0
20220809,IA,35.96,64.04,38.72,16.67,2.5,0
20220802,IA,39.99,60.01,30.57,9.14,3.23,0
20220726,IA,43.91,56.09,17.23,7.79,3.23,0
20220719,IA,52.97,47.03,15.26,7.34,2.47,0
20220712,IA,54.87,45.13,12.96,7.34,2.47,0
20220705,IA,50.27,49.73,14.19,7.34,2.47,0
20220628,IA,52.73,47.27,14.12,7.34,1.58,0
20220621,IA,62.86,37.14,12.11,5.83,0,0
20220614,IA,71.52,28.48,9.34,3.46,0,0
20220607,IA,72.09,27.91,6.93,2.19,0,0
20220531,IA,72.3,27.7,6.94,2.19,0,0
20220524,IA,67.24,32.76,6.94,2.19,0,0
20220517,IA,67.24,32.76,6.94,2.19,0,0
20220510,IA,67.24,32.76,6.94,2.19,0,0
20220503,IA,56.22,43.78,12.92,2.74,0,0
20220426,IA,54.42,45.58,12.74,2.34,0,0
20220419,IA,34.32,65.68,23.94,2.34,0,0
20220412,IA,37.11,62.89,25,2.3,0,0
20220405,IA,37.18,62.82,25,2.3,0,0
20220329,IA,32.78,67.22,33.97,2.3,0,0
20220322,IA,22.12,77.88,36.58,2.3,0,0
20220315,IA,16.35,83.65,38.43,2.3,0,0
20220308,IA,16.35,83.65,35.06,0,0,0
20220301,IA,7.92,92.08,35.7,0,0,0
20220222,IA,19.54,80.46,27.79,0,0,0
20220215,IA,19.16,80.84,27.81,0,0,0
20220208,IA,28.69,71.31,18.72,0,0,0
20220201,IA,45.22,54.78,13.7,0,0,0
20220125,IA,48.44,51.56,13.7,0,0,0
20220118,IA,49.44,50.56,13.7,0,0,0
20220111,IA,49.42,50.58,13.73,0,0,0
20220104,IA,50.98,49.02,11.87,0,0,0
20211228,IA,48.8,51.2,12.81,0,0,0
20221206,ID,2.2,97.8,81.32,23.3,1.01,0
20221129,ID,0.7,99.3,81.76,23.38,1.01,0
20221122,ID,0.71,99.29,81.76,23.38,1.01,0
20221115,ID,0.71,99.29,81.76,24.05,1.01,0
20221108,ID,0.71,99.29,81.76,26.15,3.1,0
20221101,ID,0,100,90.92,27.07,3.1,0
20221025,ID,0,100,90.92,27.07,3.1,0
20221018,ID,0,100,90.92,27.06,3.1,0
20221011,ID,0,100,81.72,21.02,3.1,0
20221004,ID,0,100,81.38,20.98,3.1,0
20220927,ID,0,100,89.53,16.68,3.1,0
20220920,ID,0,100,89.44,16.51,3.1,0
20220913,ID,0,100,72.71,16.51,3.1,0
20220906,ID,10.57,89.43,45.68,16.44,3.1,0
20220830,ID,10.46,89.54,45.68,16.44,3.1,0
20220823,ID,10.52,89.48,44.87,16.44,3.1,0
20220816,ID,25.43,74.57,44.87,16.44,3.1,0
20220809,ID,32.34,67.66,44.9,16.79,3.65,0
20220802,ID,32.07,67.93,45.12,17.02,3.7,0
20220726,ID,32.07,67.93,45.12,17.02,3.7,0
20220719,ID,32.07,67.93,45.12,16.85,3.41,0
20220712,ID,32.12,67.88,45.33,16.8,3.41,0
20220705,ID,32.23,67.77,45.33,16.8,3.41,0
20220628,ID,32.19,67.81,45.14,16.8,3.41,0
20220621,ID,28.26,71.74,47.98,16.89,3.41,0
20220614,ID,28.26,71.74,48.25,16.97,3.41,0
20220607,ID,16.7,83.3,71.67,35.6,5.03,0
20220531,ID,16.9,83.1,71.76,37.47,5.24,0
20220524,ID,16.9,83.1,71.76,40.79,7.68,0
20220517,ID,10.95,89.05,82.52,49.82,6.77,0
20220510,ID,10.95,89.05,82.52,49.82,6.77,0
20220503,ID,5.5,94.5,82.52,57.47,6.77,0
20220426,ID,7.86,92.14,82.52,56.14,6.79,0
20220419,ID,5.27,94.73,82.52,66.66,4.62,0
20220412,ID,6.87,93.13,82.4,67,4.45,0
20220405,ID,6.95,93.05,82.39,67,4.45,0
20220329,ID,12.83,87.17,82.39,44.89,1.24,0
20220322,ID,12.83,87.17,82.29,44.89,1.24,0
20220315,ID,11.65,88.35,83.91,37.38,1.24,0
20220308,ID,11.65,88.35,83.91,36.36,0.05,0
20220301,ID,0.42,99.58,84.34,31.74,0.66,0
20220222,ID,0.42,99.58,84.34,31.74,0.6,0
20220215,ID,0.44,99.56,84.34,36.79,0.6,0
20220208,ID,0.44,99.56,84.34,36.75,0.6,0
20220201,ID,0.44,99.56,84.34,36.65,0.6,0
20220125,ID,0,100,84.34,36.65,0.6,0
20220118,ID,0,100,84.34,36.65,0.6,0
20220111,ID,0,100,84.34,36.65,3.78,0
20220104,ID,0,100,88.51,41.09,3.78,0
20211228,ID,0,100,92.69,63.58,6.91,0
20221206,IL,14.41,85.59,46.21,7.26,1.25,0
20221129,IL,18.85,81.15,39.72,7.26,1.25,0
20221122,IL,18.74,81.26,36.01,7.26,1.25,0
20221115,IL,22.59,77.41,32.79,7.14,1.25,0
20221108,IL,25.04,74.96,25.76,6.89,1.23,0
20221101,IL,20.97,79.03,28.45,6.82,1.67,0
20221025,IL,9.57,90.43,37.84,6.82,1.67,0
20221018,IL,24.23,75.77,23.84,4.04,0,0
20221011,IL,36.45,63.55,18.23,2.56,0,0
20221004,IL,53.09,46.91,9.49,1,0,0
20220927,IL,65.33,34.67,8.15,0,0,0
20220920,IL,71.15,28.85,4.84,0,0,0
20220913,IL,71.1,28.9,7.82,0.81,0,0
20220906,IL,70.44,29.56,7.1,0.24,0,0
20220830,IL,77.23,22.77,5.29,0,0,0
20220823,IL,75.77,24.23,6.69,0.53,0,0
20220816,IL,70.47,29.53,5.2,0.53,0,0
20220809,IL,77.23,22.77,4.89,0.57,0,0
20220802,IL,75.23,24.77,5.47,1.83,0,0
20220726,IL,71.12,28.88,6.9,1.83,0,0
20220719,IL,63.96,36.04,11.5,1.83,0,0
20220712,IL,47.48,52.52,19.17,2.76,0,0
20220705,IL,31.7,68.3,18.02,2.76,0,0
20220628,IL,41.53,58.47,8.39,0,0,0
20220621,IL,53.02,46.98,6.38,0,0,0
20220614,IL,82.71,17.29,0,0,0,0
20220607,IL,87.98,12.02,0,0,0,0
20220531,IL,91.25,8.75,0,0,0,0
20220524,IL,90.67,9.33,0,0,0,0
20220517,IL,91.71,8.29,0,0,0,0
20220510,IL,91.71,8.29,0,0,0,0
20220503,IL,91.65,8.35,0,0,0,0
20220426,IL,91.65,8.35,0,0,0,0
20220419,IL,89.88,10.12,7.16,0,0,0
20220412,IL,88.89,11.11,7.16,0,0,0
20220405,IL,88.23,11.77,8.14,0,0,0
20220329,IL,81,19,9.51,0,0,0
20220322,IL,71.74,28.26,12.72,0.88,0,0
20220315,IL,71.74,28.26,12.72,0.88,0,0
20220308,IL,71.74,28.26,12.72,0.88,0,0
20220301,IL,76,24,12.72,0.88,0,0
20220222,IL,75.47,24.53,13.09,0.88,0,0
20220215,IL,66.85,33.15,17.58,0.88,0,0
20220208,IL,66.66,33.34,11.24,0.88,0,0
20220201,IL,66.66,33.34,5.76,0.88,0,0
20220125,IL,73.61,26.39,5.76,0.88,0,0
20220118,IL,84.07,15.93,5.76,0.88,0,0
20220111,IL,86.38,13.62,5.76,0.88,0,0
20220104,IL,88.85,11.15,5.76,0.88,0,0
20211228,IL,81.55,18.45,8.26,1.22,0,0
20221206,IN,6.85,93.15,56.49,0.07,0,0
20221129,IN,1.83,98.17,56.62,0.07,0,0
20221122,IN,1.81,98.19,80.45,0.07,0,0
20221115,IN,1.71,98.29,80.45,0.07,0,0
20221108,IN,1.71,98.29,73.26,0.07,0,0
20221101,IN,1.71,98.29,55.49,0.07,0,0
20221025,IN,0,100,66.38,0.07,0,0
20221018,IN,0,100,29.67,0,0,0
20221011,IN,19.73,80.27,0,0,0,0
20221004,IN,48.35,51.65,0,0,0,0
20220927,IN,80.92,19.08,0,0,0,0
20220920,IN,82.95,17.05,0,0,0,0
20220913,IN,79.17,20.83,0,0,0,0
20220906,IN,68.72,31.28,0,0,0,0
20220830,IN,54.85,45.15,0,0,0,0
20220823,IN,66.43,33.57,0,0,0,0
20220816,IN,86.08,13.92,0,0,0,0
20220809,IN,81.91,18.09,2.61,0,0,0
20220802,IN,70.62,29.38,10.98,0,0,0
20220726,IN,50.25,49.75,12.81,0,0,0
20220719,IN,31.19,68.81,17.95,0,0,0
20220712,IN,21.07,78.93,43.75,0,0,0
20220705,IN,5.73,94.27,39.22,0,0,0
20220628,IN,12.43,87.57,9.55,0,0,0
20220621,IN,56.32,43.68,2.46,0,0,0
20220614,IN,94.23,5.77,0,0,0,0
20220607,IN,97.48,2.52,0,0,0,0
20220531,IN,95.21,4.79,0,0,0,0
20220524,IN,98.07,1.93,0,0,0,0
20220517,IN,100,0,0,0,0,0
20220510,IN,100,0,0,0,0,0
20220503,IN,100,0,0,0,0,0
20220426,IN,100,0,0,0,0,0
20220419,IN,100,0,0,0,0,0
20220412,IN,100,0,0,0,0,0
20220405,IN,100,0,0,0,0,0
20220329,IN,100,0,0,0,0,0
20220322,IN,100,0,0,0,0,0
20220315,IN,100,0,0,0,0,0
20220308,IN,100,0,0,0,0,0
20220301,IN,100,0,0,0,0,0
20220222,IN,100,0,0,0,0,0
20220215,IN,100,0,0,0,0,0
20220208,IN,100,0,0,0,0,0
20220201,IN,100,0,0,0,0,0
20220125,IN,100,0,0,0,0,0
20220118,IN,100,0,0,0,0,0
20220111,IN,100,0,0,0,0,0
20220104,IN,100,0,0,0,0,0
20211228,IN,100,0,0,0,0,0
20221206,KS,0,100,86.01,68.66,57.31,35.9
20221129,KS,0,100,86.01,68.66,55.82,34.73
20221122,KS,0,100,86.11,68.66,55.82,34.73
20221115,KS,0,100,86.11,68.66,55.74,34.52
20221108,KS,0,100,86.31,68.68,55.83,34.6
20221101,KS,0,100,92.56,79.31,59.22,37.58
20221025,KS,0,100,92.56,79.31,58.26,33.42
20221018,KS,1.48,98.52,89.44,78.95,58.14,29.88
20221011,KS,1.48,98.52,89.27,75,57.36,26.76
20221004,KS,1.48,98.52,85.1,69.65,53.65,25.8
20220927,KS,1.48,98.52,82.55,67.05,52.7,24.9
20220920,KS,2.7,97.3,80.5,67.05,52.97,19.52
20220913,KS,3.57,96.43,75.09,64,42.3,12.13
20220906,KS,4.28,95.72,72.59,57.86,41.34,10.58
20220830,KS,9.59,90.41,72.59,58.45,40.37,10.3
20220823,KS,17.5,82.5,72.12,56.84,31.61,10.18
20220816,KS,13.26,86.74,72.46,57.56,31.92,10.75
20220809,KS,16.25,83.75,72.48,54.32,28.72,10.01
20220802,KS,19.65,80.35,67.98,45.14,24.55,7.65
20220726,KS,18.54,81.46,68.1,44.88,25,7.9
20220719,KS,17.86,82.14,53.85,40.02,22.59,2.8
20220712,KS,40.24,59.76,47.63,31.36,16.02,1.02
20220705,KS,43.84,56.16,43.94,29.98,15.85,1.02
20220628,KS,43.05,56.95,45.1,29.18,16.25,1.02
20220621,KS,36.82,63.18,47.93,29.18,16.25,1.03
20220614,KS,41.37,58.63,46.39,26.73,16.25,1.03
20220607,KS,40.04,59.96,48.48,27.39,19.34,1.13
20220531,KS,33.06,66.94,54.71,33.63,19.67,3.44
20220524,KS,28.98,71.02,65.27,44.41,25.8,4.09
20220517,KS,28.25,71.75,66.36,46.36,26.27,4.09
20220510,KS,28.25,71.75,66.36,46.36,18.66,2.02
20220503,KS,25.13,74.87,67.96,47.22,18.52,1.86
20220426,KS,20.52,79.48,68.19,55.07,19.95,2.06
20220419,KS,25.94,74.06,66.66,52.59,17.38,2.06
20220412,KS,28.58,71.42,66.68,46.42,10.84,2.06
20220405,KS,28.67,71.33,66.68,46,7.8,1.89
20220329,KS,27.76,72.24,66.49,46,7.12,1.89
20220322,KS,23.18,76.82,66.36,45.98,7.12,1.6
20220315,KS,1.48,98.52,75.43,55.85,9.68,1.66
20220308,KS,1.15,98.85,72.52,50.55,7.05,1.66
20220301,KS,0,100,72.87,44.07,5.92,0.02
20220222,KS,13.71,86.29,72.62,31.08,5.89,0
20220215,KS,14.18,85.82,70.11,25.7,5.89,0
20220208,KS,14.18,85.82,70.11,17.06,5.89,0
20220201,KS,11.25,88.75,62.21,16.54,5.9,0
20220125,KS,14.26,85.74,59.6,16.86,4.97,0
20220118,KS,18.74,81.26,57.8,14.04,4.56,0
20220111,KS,19.34,80.66,57.8,13.92,4.56,0
20220104,KS,25.19,74.81,52.34,14.06,2.45,0
20211228,KS,27.2,72.8,50.49,13.76,0.98,0
20221206,KY,2,98,78.51,22.79,0,0
20221129,KY,0.4,99.6,87.61,43.71,0,0
20221122,KY,0.35,99.65,87.61,43.7,0,0
20221115,KY,0.35,99.65,87.61,31.48,0,0
20221108,KY,0.08,99.92,99.22,45.6,0,0
20221101,KY,0.66,99.34,82.22,39.11,3.98,0
20221025,KY,0.91,99.09,82.22,39.11,4.94,0
20221018,KY,14.09,85.91,69.88,10.47,0,0
20221011,KY,15.32,84.68,44.88,5.3,0,0
20221004,KY,34.15,65.85,8.55,2.83,0,0
20220927,KY,66.98,33.02,3.31,0,0,0
20220920,KY,96.19,3.81,0.74,0,0,0
20220913,KY,96.19,3.81,0.68,0,0,0
20220906,KY,96.17,3.83,0.68,0,0,0
20220830,KY,96.25,3.75,0.68,0,0,0
20220823,KY,95.68,4.32,1.63,0.21,0,0
20220816,KY,92.88,7.12,1.8,0.2,0,0
20220809,KY,90.17,9.83,5.44,1.88,0,0
20220802,KY,86.62,13.38,8.75,3.61,0.18,0
20220726,KY,66.41,33.59,14.1,8.19,0.38,0
20220719,KY,55.19,44.81,24.99,8.92,0,0
20220712,KY,30.29,69.71,34.29,2.46,0,0
20220705,KY,18.85,81.15,55.61,0,0,0
20220628,KY,20.94,79.06,31.05,0,0,0
20220621,KY,46.39,53.61,4.72,0,0,0
20220614,KY,86.47,13.53,0,0,0,0
20220607,KY,89.01,10.99,0,0,0,0
20220531,KY,77.37,22.63,0,0,0,0
20220524,KY,68.52,31.48,0,0,0,0
20220517,KY,99.21,0.79,0,0,0,0
20220510,KY,99.21,0.79,0,0,0,0
20220503,KY,89.59,10.41,0,0,0,0
20220426,KY,89.59,10.41,0,0,0,0
20220419,KY,89.59,10.41,0,0,0,0
20220412,KY,88.18,11.82,0,0,0,0
20220405,KY,88.88,11.12,0,0,0,0
20220329,KY,100,0,0,0,0,0
20220322,KY,100,0,0,0,0,0
20220315,KY,100,0,0,0,0,0
20220308,KY,100,0,0,0,0,0
20220301,KY,100,0,0,0,0,0
20220222,KY,100,0,0,0,0,0
20220215,KY,100,0,0,0,0,0
20220208,KY,100,0,0,0,0,0
20220201,KY,100,0,0,0,0,0
20220125,KY,100,0,0,0,0,0
20220118,KY,100,0,0,0,0,0
20220111,KY,100,0,0,0,0,0
20220104,KY,100,0,0,0,0,0
20211228,KY,100,0,0,0,0,0
20221206,LA,25.46,74.54,51.84,0.71,0,0
20221129,LA,19.9,80.1,52.03,1.82,0,0
20221122,LA,13.63,86.37,67.82,6.7,0,0
20221115,LA,8.08,91.92,68.62,8.19,0,0
20221108,LA,0,100,82.2,14.02,0,0
20221101,LA,0,100,99.64,14.99,0,0
20221025,LA,0,100,100,11.03,0,0
20221018,LA,0,100,73.48,0,0,0
20221011,LA,7.07,92.93,21.59,0,0,0
20221004,LA,10.4,89.6,7.3,0,0,0
20220927,LA,41.25,58.75,0,0,0,0
20220920,LA,100,0,0,0,0,0
20220913,LA,100,0,0,0,0,0
20220906,LA,98.52,1.48,0,0,0,0
20220830,LA,98.52,1.48,0,0,0,0
20220823,LA,75.41,24.59,0,0,0,0
20220816,LA,42.96,57.04,12.1,2.7,0,0
20220809,LA,35.74,64.26,31.17,2.97,0.45,0
20220802,LA,19.95,80.05,48.23,4.45,0.45,0
20220726,LA,16.46,83.54,49.6,3.79,0.45,0
20220719,LA,16.46,83.54,39.88,3.23,0,0
20220712,LA,16.31,83.69,40.05,1.53,0,0
20220705,LA,13.46,86.54,40.67,1.41,0,0
20220628,LA,2.04,97.96,45.18,22.96,8.95,0
20220621,LA,10.8,89.2,47.04,22.96,8.95,0
20220614,LA,15.08,84.92,42.08,22.96,8.87,0
20220607,LA,19.54,80.46,43.89,24.74,8.42,0
20220531,LA,34.16,65.84,44.64,24.65,8.42,0
20220524,LA,35.59,64.41,44.64,24.65,8.42,0
20220517,LA,34.48,65.52,48.74,33.51,18.05,0
20220510,LA,36.15,63.85,47.19,31.78,12.66,0
20220503,LA,22.61,77.39,47.24,31.86,12.66,0
20220426,LA,15.28,84.72,49.93,34.68,14.48,0
20220419,LA,15.28,84.72,49.93,34.68,14.48,0
20220412,LA,7.87,92.13,77.29,42.04,25.01,0
20220405,LA,8.17,91.83,83.92,55.16,31.01,0
20220329,LA,0,100,90.85,56.04,31.01,0
20220322,LA,0,100,100,61.72,25.44,0
20220315,LA,0,100,100,75.35,26.33,0
20220308,LA,0,100,100,90.28,33.1,0
20220301,LA,0,100,93.97,73.25,14.85,0
20220222,LA,0,100,91.34,64.38,14.59,0
20220215,LA,0,100,83.07,56.14,6.85,0
20220208,LA,0,100,83.07,55.93,6.64,0
20220201,LA,0,100,94.28,38.89,8.8,0
20220125,LA,0,100,91.09,38.89,5.16,0
20220118,LA,0,100,82.62,48.4,8.25,0
20220111,LA,0,100,67.14,38.19,8.12,0
20220104,LA,0,100,43.9,37.88,11.91,0
20211228,LA,55.77,44.23,39.46,12.73,0,0
20221206,MA,30.12,69.88,13.34,3.36,0,0
20221129,MA,30.12,69.88,13.34,3.36,0,0
20221122,MA,47.76,52.24,11.5,3.36,0,0
20221115,MA,40.9,59.1,12.37,4.84,0,0
20221108,MA,39.15,60.85,14.17,4.84,0,0
20221101,MA,39.15,60.85,14.17,4.84,0,0
20221025,MA,38.64,61.36,16.92,4.84,0,0
20221018,MA,12.27,87.73,41.32,6.53,0,0
20221011,MA,0,100,87.77,27.76,3.51,0
20221004,MA,0,100,92.02,39.32,3.51,0
20220927,MA,0,100,94.26,39.32,3.51,0
20220920,MA,0,100,100,71.91,6.77,0
20220913,MA,0,100,100,85.71,8.69,0
20220906,MA,0,100,100,86.02,8.69,0
20220830,MA,0,100,100,93.98,38.35,0
20220823,MA,0,100,100,96.08,39.48,0
20220816,MA,0,100,100,94.49,39.48,0
20220809,MA,0,100,95.23,55.58,24.5,0
20220802,MA,0,100,95.23,57.21,0,0
20220726,MA,0,100,93.75,43.78,0,0
20220719,MA,0.03,99.97,94.34,26.47,0,0
20220712,MA,0.07,99.93,80.92,21.25,0,0
20220705,MA,1.99,98.01,75.66,0,0,0
20220628,MA,3.32,96.68,74.62,0,0,0
20220621,MA,6.7,93.3,24.64,0,0,0
20220614,MA,15.66,84.34,24.64,0,0,0
20220607,MA,15.66,84.34,29.72,0,0,0
20220531,MA,26.14,73.86,29.72,0,0,0
20220524,MA,34.01,65.99,22.65,0,0,0
20220517,MA,51.72,48.28,0,0,0,0
20220510,MA,86.48,13.52,0,0,0,0
20220503,MA,100,0,0,0,0,0
20220426,MA,100,0,0,0,0,0
20220419,MA,100,0,0,0,0,0
20220412,MA,100,0,0,0,0,0
20220405,MA,100,0,0,0,0,0
20220329,MA,100,0,0,0,0,0
20220322,MA,100,0,0,0,0,0
20220315,MA,100,0,0,0,0,0
20220308,MA,100,0,0,0,0,0
20220301,MA,100,0,0,0,0,0
20220222,MA,100,0,0,0,0,0
20220215,MA,100,0,0,0,0,0
20220208,MA,100,0,0,0,0,0
20220201,MA,100,0,0,0,0,0
20220125,MA,100,0,0,0,0,0
20220118,MA,100,0,0,0,0,0
20220111,MA,100,0,0,0,0,0
20220104,MA,100,0,0,0,0,0
20211228,MA,100,0,0,0,0,0
20221206,MD,92.8,7.2,0,0,0,0
20221129,MD,92.8,7.2,0,0,0,0
20221122,MD,92.8,7.2,0,0,0,0
20221115,MD,88.79,11.21,0,0,0,0
20221108,MD,67.84,32.16,0,0,0,0
20221101,MD,97.16,2.84,0,0,0,0
20221025,MD,97.48,2.52,0,0,0,0
20221018,MD,93.82,6.18,0,0,0,0
20221011,MD,93.82,6.18,0,0,0,0
20221004,MD,93.24,6.76,0,0,0,0
20220927,MD,65.82,34.18,6.75,0,0,0
20220920,MD,65.82,34.18,6.75,0,0,0
20220913,MD,72.39,27.61,6.79,0,0,0
20220906,MD,68.86,31.14,6.79,0,0,0
20220830,MD,81.4,18.6,6.79,0,0,0
20220823,MD,92.96,7.04,0,0,0,0
20220816,MD,92.96,7.04,0,0,0,0
20220809,MD,98.77,1.23,0,0,0,0
20220802,MD,90.35,9.65,0,0,0,0
20220726,MD,90.35,9.65,0,0,0,0
20220719,MD,93.98,6.02,0,0,0,0
20220712,MD,94.45,5.55,0,0,0,0
20220705,MD,94.1,5.9,0,0,0,0
20220628,MD,94.1,5.9,0,0,0,0
20220621,MD,91.94,8.06,0,0,0,0
20220614,MD,97.84,2.16,0,0,0,0
20220607,MD,97.84,2.16,0,0,0,0
20220531,MD,97.84,2.16,0,0,0,0
20220524,MD,93.95,6.05,0,0,0,0
20220517,MD,93.95,6.05,0,0,0,0
20220510,MD,77.99,22.01,2.78,0,0,0
20220503,MD,39.09,60.91,2.78,0,0,0
20220426,MD,39.08,60.92,2.78,0,0,0
20220419,MD,39.08,60.92,2.78,0,0,0
20220412,MD,36.57,63.43,7.7,0,0,0
20220405,MD,11.07,88.93,9.8,0,0,0
20220329,MD,11.35,88.65,5.15,0,0,0
20220322,MD,11,89,5.15,0,0,0
20220315,MD,8.37,91.63,0,0,0,0
20220308,MD,13.89,86.11,0,0,0,0
20220301,MD,95.78,4.22,0,0,0,0
20220222,MD,100,0,0,0,0,0
20220215,MD,100,0,0,0,0,0
20220208,MD,97.75,2.25,0,0,0,0
20220201,MD,97.75,2.25,0,0,0,0
20220125,MD,86.92,13.08,0,0,0,0
20220118,MD,70.28,29.72,0,0,0,0
20220111,MD,58.88,41.12,0,0,0,0
20220104,MD,55.15,44.85,0,0,0,0
20211228,MD,15.21,84.79,5.16,0,0,0
20221206,ME,100,0,0,0,0,0
20221129,ME,100,0,0,0,0,0
20221122,ME,100,0,0,0,0,0
20221115,ME,100,0,0,0,0,0
20221108,ME,100,0,0,0,0,0
20221101,ME,100,0,0,0,0,0
20221025,ME,99.85,0.15,0,0,0,0
20221018,ME,96.49,3.51,0,0,0,0
20221011,ME,88.86,11.14,3.24,0,0,0
20221004,ME,88.86,11.14,3.23,0,0,0
20220927,ME,88.92,11.08,3.23,0,0,0
20220920,ME,54.35,45.65,8.62,2.63,0,0
20220913,ME,54.35,45.65,8.62,2.63,0,0
20220906,ME,51.35,48.65,9.15,3.42,0,0
20220830,ME,51.35,48.65,11.7,3.38,0,0
20220823,ME,51.35,48.65,20.92,8.15,0,0
20220816,ME,42.71,57.29,27.79,8.15,0,0
20220809,ME,42.42,57.58,27.92,8.14,0,0
20220802,ME,34.22,65.78,39.85,8.14,0,0
20220726,ME,28.48,71.52,42.19,0,0,0
20220719,ME,25.63,74.37,50.28,0,0,0
20220712,ME,25.63,74.37,54.81,0,0,0
20220705,ME,25.63,74.37,35.69,0,0,0
20220628,ME,40.34,59.66,17.77,0,0,0
20220621,ME,65.29,34.71,2.16,0,0,0
20220614,ME,65.29,34.71,2.16,0,0,0
20220607,ME,65.16,34.84,0,0,0,0
20220531,ME,76.74,23.26,2.9,0,0,0
20220524,ME,66.78,33.22,5.31,0,0,0
20220517,ME,66.56,33.44,5.31,0,0,0
20220510,ME,81.34,18.66,5.31,0,0,0
20220503,ME,78.57,21.43,5.94,0,0,0
20220426,ME,78.57,21.43,5.94,0,0,0
20220419,ME,78.57,21.43,5.94,0,0,0
20220412,ME,73.1,26.9,7.46,4.22,0,0
20220405,ME,69.4,30.6,7.46,4.22,0,0
20220329,ME,69.4,30.6,7.46,4.22,0,0
20220322,ME,64.43,35.57,7.46,4.22,0,0
20220315,ME,60.22,39.78,7.46,4.22,0,0
20220308,ME,60.22,39.78,11.82,5.32,0,0
20220301,ME,60.22,39.78,11.82,5.32,0,0
20220222,ME,59.66,40.34,11.82,5.32,0,0
20220215,ME,59.66,40.34,11.82,5.32,0,0
20220208,ME,59.66,40.34,11.82,5.32,0,0
20220201,ME,59.66,40.34,11.82,5.32,0,0
20220125,ME,72.42,27.58,11.82,5.32,0,0
20220118,ME,72.42,27.58,11.82,5.32,0,0
20220111,ME,72.42,27.58,11.82,5.32,0,0
20220104,ME,72.42,27.58,11.82,5.32,0,0
20211228,ME,72.42,27.58,11.82,5.32,0,0
20221206,MI,58.78,41.22,23.13,0,0,0
20221129,MI,58.41,41.59,23.31,0,0,0
20221122,MI,61.22,38.78,14.25,0,0,0
20221115,MI,60.56,39.44,14.25,0,0,0
20221108,MI,63.11,36.89,7.7,0,0,0
20221101,MI,59.54,40.46,7.71,0,0,0
20221025,MI,58.91,41.09,7.71,0,0,0
20221018,MI,58.91,41.09,7.7,0,0,0
20221011,MI,48.65,51.35,6.91,0,0,0
20221004,MI,48.72,51.28,6.91,0,0,0
20220927,MI,59.1,40.9,5.76,0,0,0
20220920,MI,59.37,40.63,5.76,0,0,0
20220913,MI,67.18,32.82,4.5,0,0,0
20220906,MI,79.34,20.66,6.82,0,0,0
20220830,MI,79.34,20.66,6.82,0,0,0
20220823,MI,73.05,26.95,6.82,0,0,0
20220816,MI,72.37,27.63,6.82,0,0,0
20220809,MI,69.26,30.74,6.82,0,0,0
20220802,MI,51.57,48.43,13.05,0,0,0
20220726,MI,53.91,46.09,12.19,0,0,0
20220719,MI,58.57,41.43,12.19,0,0,0
20220712,MI,60.12,39.88,2.37,0,0,0
20220705,MI,60.18,39.82,2.37,0,0,0
20220628,MI,73.35,26.65,0,0,0,0
20220621,MI,100,0,0,0,0,0
20220614,MI,100,0,0,0,0,0
20220607,MI,94.36,5.64,0,0,0,0
20220531,MI,94.36,5.64,0,0,0,0
20220524,MI,94.36,5.64,0,0,0,0
20220517,MI,94.36,5.64,0,0,0,0
20220510,MI,94.36,5.64,0,0,0,0
20220503,MI,94.36,5.64,0,0,0,0
20220426,MI,94.36,5.64,0,0,0,0
20220419,MI,93.75,6.25,0,0,0,0
20220412,MI,92.56,7.44,0.38,0,0,0
20220405,MI,81.89,18.11,0.38,0,0,0
20220329,MI,77.52,22.48,4.94,0,0,0
20220322,MI,46.94,53.06,7.8,0,0,0
20220315,MI,46.94,53.06,11.76,0,0,0
20220308,MI,46.94,53.06,12.25,0,0,0
20220301,MI,46.94,53.06,12.25,0,0,0
20220222,MI,40.43,59.57,12.69,0,0,0
20220215,MI,40.38,59.62,12.69,0,0,0
20220208,MI,43.35,56.65,7.17,0,0,0
20220201,MI,55.95,44.05,7.17,0,0,0
20220125,MI,73.74,26.26,7.17,0,0,0
20220118,MI,73.74,26.26,7.17,0,0,0
20220111,MI,73.8,26.2,7.17,0,0,0
20220104,MI,69.48,30.52,9.05,0.12,0,0
20211228,MI,69.54,30.46,9.19,0.12,0,0
20221206,MN,22.5,77.5,48.11,19.13,4.88,0
20221129,MN,22.63,77.37,48.11,15.9,4.88,0
20221122,MN,22.57,77.43,48.08,15.9,4.88,0
20221115,MN,22.57,77.43,48.09,15.9,4.88,0
20221108,MN,15.1,84.9,51.77,21.86,7.03,0
20221101,MN,20.53,79.47,51.98,19.23,6.54,0
20221025,MN,21.25,78.75,44.79,16.32,4.2,0
20221018,MN,21.25,78.75,44.79,15.28,4.2,0
20221011,MN,20.68,79.32,36.29,12.23,4.2,0
20221004,MN,22.59,77.41,34.67,11.33,3.71,0
20220927,MN,45.67,54.33,22.48,4.37,0,0
20220920,MN,58.23,41.77,14.55,4.37,0,0
20220913,MN,60.88,39.12,10.62,1.94,0,0
20220906,MN,74.04,25.96,8.85,0.97,0,0
20220830,MN,79.88,20.12,8.76,0.97,0,0
20220823,MN,79.02,20.98,10.02,2.3,0,0
20220816,MN,72.81,27.19,12.52,2.3,0,0
20220809,MN,71.86,28.14,11.29,2.87,0,0
20220802,MN,65.84,34.16,13.83,4.02,0,0
20220726,MN,69.97,30.03,6.97,1.46,0,0
20220719,MN,71.56,28.44,6.97,1.46,0,0
20220712,MN,88.99,11.01,2.97,0,0,0
20220705,MN,82.97,17.03,0.51,0,0,0
20220628,MN,83.95,16.05,0.61,0,0,0
20220621,MN,89.2,10.8,0,0,0,0
20220614,MN,98.27,1.73,0,0,0,0
20220607,MN,98.27,1.73,0,0,0,0
20220531,MN,98.27,1.73,0,0,0,0
20220524,MN,97.07,2.93,0,0,0,0
20220517,MN,97.07,2.93,0,0,0,0
20220510,MN,95.81,4.19,0,0,0,0
20220503,MN,93.55,6.45,0.1,0,0,0
20220426,MN,87.78,12.22,0.1,0,0,0
20220419,MN,65.78,34.22,2.08,0,0,0
20220412,MN,59.19,40.81,7.37,0,0,0
20220405,MN,47.62,52.38,9.62,0,0,0
20220329,MN,46.33,53.67,10.37,0,0,0
20220322,MN,45.93,54.07,19.68,5.88,0,0
20220315,MN,45.93,54.07,19.68,5.88,0,0
20220308,MN,45.93,54.07,20.2,5.88,0,0
20220301,MN,43.06,56.94,26.63,6.95,0,0
20220222,MN,33.28,66.72,28.98,6.95,0,0
20220215,MN,26.27,73.73,39.3,7.6,0,0
20220208,MN,29.9,70.1,39.3,7.6,0,0
20220201,MN,29.9,70.1,39.3,7.6,0,0
20220125,MN,29.9,70.1,39.3,8.21,0,0
20220118,MN,29.9,70.1,39.3,8.21,0,0
20220111,MN,29.83,70.17,39.3,8.21,0,0
20220104,MN,30.22,69.78,38.55,9.28,0,0
20211228,MN,30.1,69.9,38.44,9.28,0,0
20221206,MO,18.86,81.14,40.12,8.89,0.48,0
20221129,MO,18.97,81.03,40.2,8.89,0.48,0
20221122,MO,12.14,87.86,50.96,16.61,2.77,0
20221115,MO,13.41,86.59,49.68,16.4,2.77,0
20221108,MO,13.41,86.59,50.84,21.9,2.74,0
20221101,MO,7.49,92.51,61.32,37.04,9.08,0
20221025,MO,0,100,78.76,42.34,10.24,0
20221018,MO,0,100,82.4,50.4,14.28,2.55
20221011,MO,0,100,72.86,37.22,13.38,2.55
20221004,MO,6.14,93.86,62.88,30.14,12.52,1.92
20220927,MO,18.48,81.52,56.59,15.39,4.83,1.92
20220920,MO,26.89,73.11,31.62,8.49,2.66,0
20220913,MO,48.17,51.83,12.18,5.39,0.9,0
20220906,MO,55.95,44.05,12.15,5.39,0.9,0
20220830,MO,54.38,45.62,14.96,5.23,0.9,0
20220823,MO,50.62,49.38,26.25,6.09,1.54,0
20220816,MO,39.95,60.05,35.94,19.26,2.41,0
20220809,MO,35.71,64.29,37.84,21.41,3.16,0
20220802,MO,40.57,59.43,47.8,34.31,14.41,0
20220726,MO,34.25,65.75,50.3,35.64,18.24,0
20220719,MO,26.36,73.64,50.72,33.13,2.08,0
20220712,MO,37.41,62.59,40.51,2.37,0,0
20220705,MO,36.35,63.65,20.06,2.37,0,0
20220628,MO,38.81,61.19,8.83,0,0,0
20220621,MO,70.81,29.19,0,0,0,0
20220614,MO,96.32,3.68,0,0,0,0
20220607,MO,100,0,0,0,0,0
20220531,MO,100,0,0,0,0,0
20220524,MO,100,0,0,0,0,0
20220517,MO,100,0,0,0,0,0
20220510,MO,100,0,0,0,0,0
20220503,MO,99.51,0.49,0,0,0,0
20220426,MO,99.5,0.5,0,0,0,0
20220419,MO,99.94,0.06,0,0,0,0
20220412,MO,99.99,0.01,0,0,0,0
20220405,MO,99.99,0.01,0,0,0,0
20220329,MO,99.99,0.01,0,0,0,0
20220322,MO,73.88,26.12,0,0,0,0
20220315,MO,63.81,36.19,2.2,0,0,0
20220308,MO,63.8,36.2,0,0,0,0
20220301,MO,58.67,41.33,0,0,0,0
20220222,MO,68.39,31.61,0,0,0,0
20220215,MO,64.04,35.96,0,0,0,0
20220208,MO,65.66,34.34,0,0,0,0
20220201,MO,55.1,44.9,4.09,0,0,0
20220125,MO,59.8,40.2,1.37,0,0,0
20220118,MO,62.14,37.86,0.43,0,0,0
20220111,MO,62.89,37.11,0.43,0,0,0
20220104,MO,64.36,35.64,0.43,0,0,0
20211228,MO,50.83,49.17,3.92,0.41,0,0
20221206,MS,31.89,68.11,22.53,2.46,0,0
20221129,MS,23.02,76.98,25.47,2.73,0,0
20221122,MS,13.68,86.32,29.71,2.73,0,0
20221115,MS,13.68,86.32,29.18,2.73,0,0
20221108,MS,13.68,86.32,32.64,2.84,0,0
20221101,MS,4.04,95.96,57.82,11.07,0,0
20221025,MS,2.27,97.73,64.92,10.53,0,0
20221018,MS,6.07,93.93,32.78,0,0,0
20221011,MS,3.8,96.2,17.4,0,0,0
20221004,MS,15.79,84.21,10.78,0,0,0
20220927,MS,24.94,75.06,7.4,0,0,0
20220920,MS,83.84,16.16,7.4,0,0,0
20220913,MS,83.84,16.16,7.4,0,0,0
20220906,MS,79.89,20.11,9.64,0,0,0
20220830,MS,76.78,23.22,13.68,0.57,0,0
20220823,MS,64.08,35.92,13.96,3.2,0,0
20220816,MS,38.63,61.37,28.82,8.21,0,0
20220809,MS,35.31,64.69,29.15,9.84,0,0
20220802,MS,29.32,70.68,27.78,10.14,0,0
20220726,MS,25.28,74.72,29.03,10.97,0,0
20220719,MS,25.26,74.74,26.74,10.26,0,0
20220712,MS,24.78,75.22,25.74,9.39,0,0
20220705,MS,24.32,75.68,23.63,9.39,0,0
20220628,MS,2.7,97.3,22.8,0,0,0
20220621,MS,38.09,61.91,2.76,0,0,0
20220614,MS,72.62,27.38,0.23,0,0,0
20220607,MS,78.79,21.21,0.27,0,0,0
20220531,MS,77.29,22.71,0.36,0,0,0
20220524,MS,69.93,30.07,0.36,0,0,0
20220517,MS,71.93,28.07,2.05,0,0,0
20220510,MS,75.35,24.65,2.05,0,0,0
20220503,MS,68.27,31.73,3.62,0,0,0
20220426,MS,68.31,31.69,3.63,0,0,0
20220419,MS,68.31,31.69,4.83,0,0,0
20220412,MS,45.55,54.45,27.07,3.28,0,0
20220405,MS,50.03,49.97,26.74,12.55,0,0
20220329,MS,41.03,58.97,34.38,13.63,0,0
20220322,MS,38.47,61.53,35,15.99,2.31,0
20220315,MS,25.25,74.75,51.25,19.86,2.89,0
20220308,MS,18.24,81.76,56.94,27.65,5.87,0
20220301,MS,26.65,73.35,39.47,20.03,0.07,0
20220222,MS,24.58,75.42,40.67,21.16,1.87,0
20220215,MS,12.87,87.13,39.84,24.01,1.87,0
20220208,MS,12.87,87.13,39.84,14.44,0.11,0
20220201,MS,12.87,87.13,46.29,14.19,0.11,0
20220125,MS,12.87,87.13,43.47,14.19,0.09,0
20220118,MS,11.42,88.58,40.54,16.48,0.26,0
20220111,MS,11.53,88.47,39.13,11.52,0.26,0
20220104,MS,10.08,89.92,37.64,14.78,1.34,0
20211228,MS,32.5,67.5,15.19,1.86,0,0
20221206,MT,12.07,87.93,64.64,38.93,12.16,0
20221129,MT,12.06,87.94,66.72,40.51,12.16,0
20221122,MT,12.04,87.96,66.74,40.51,15.47,0
20221115,MT,10.43,89.57,66.76,41.89,15.47,0
20221108,MT,10.43,89.57,66.81,41.97,15.61,0
20221101,MT,10.43,89.57,74.32,41.97,15.61,0
20221025,MT,10.43,89.57,74.32,41.97,15.61,0
20221018,MT,10.43,89.57,74.32,41.97,16.63,0
20221011,MT,10.43,89.57,72.78,41.22,13.29,0
20221004,MT,10.4,89.6,72.87,41.22,12.23,0
20220927,MT,5.4,94.6,77.46,45.05,12.35,0
20220920,MT,8.77,91.23,69.39,41.45,3.59,0
20220913,MT,15.46,84.54,57.01,37.79,3.59,0
20220906,MT,21.91,78.09,42.9,24.43,3.59,0
20220830,MT,22.63,77.37,41.21,15.53,3.59,0
20220823,MT,32.62,67.38,31.85,15.53,3.59,0
20220816,MT,37.53,62.47,31.55,15.53,3.59,0
20220809,MT,49.43,50.57,28.13,15.53,3.59,0
20220802,MT,60.8,39.2,21.17,15.35,3.51,0
20220726,MT,60.96,39.04,21.17,15.35,3.51,0
20220719,MT,60.96,39.04,21.17,15.35,6.08,0.63
20220712,MT,60.19,39.81,26.51,15.35,6.45,3.01
20220705,MT,49.23,50.77,32.99,19.56,8.55,3.01
20220628,MT,44.72,55.28,40.19,19.56,7.42,3.01
20220621,MT,24.56,75.44,43.93,19.96,9.17,3.01
20220614,MT,15.7,84.3,47.12,23.09,14.1,4.09
20220607,MT,5.46,94.54,75.12,29.31,13.03,4.09
20220531,MT,5.34,94.66,76,49.02,15.57,0
20220524,MT,5.34,94.66,82.77,60.26,16.8,0
20220517,MT,4.67,95.33,83.04,61.06,19.1,0
20220510,MT,6.93,93.07,85.4,65.28,19.1,0
20220503,MT,6.93,93.07,85.4,65.54,19.06,0
20220426,MT,9.48,90.52,85.4,77.19,39.25,0
20220419,MT,9.43,90.57,85.4,82.52,50.41,0
20220412,MT,9.45,90.55,85.4,82.49,52.5,0
20220405,MT,9.38,90.62,85.32,82.52,52.44,0
20220329,MT,12.65,87.35,85.32,82.52,52.44,0
20220322,MT,12.65,87.35,85.37,82.52,52.45,0
20220315,MT,10.99,89.01,87.17,84.94,51.86,0
20220308,MT,10.99,89.01,87.17,84.94,50.25,3.89
20220301,MT,8.11,91.89,88.93,85.38,50.25,3.89
20220222,MT,8.11,91.89,88.93,85.38,49.42,5.34
20220215,MT,8.15,91.85,88.93,85.91,48.86,5.63
20220208,MT,8.15,91.85,89.22,85.93,46.9,7.64
20220201,MT,8.15,91.85,89.22,85.89,45.54,7.64
20220125,MT,7.5,92.5,89.22,85.89,45.54,7.64
20220118,MT,7.5,92.5,89.22,85.89,48.04,7.11
20220111,MT,7.51,92.49,89.22,85.89,53.93,8.97
20220104,MT,7.36,92.64,89.33,86.35,53.93,13.87
20211228,MT,7.38,92.62,89.37,86.35,59.77,20.15
20221206,NC,46.38,53.62,21.11,0,0,0
20221129,NC,42.95,57.05,22.72,2.5,0,0
20221122,NC,33.96,66.04,15.93,2.5,0,0
20221115,NC,33.96,66.04,15.93,2.5,0,0
20221108,NC,26.96,73.04,22.11,4.06,0,0
20221101,NC,16.29,83.71,19.46,1.79,0,0
20221025,NC,52.48,47.52,11.22,0.51,0,0
20221018,NC,72.69,27.31,6.87,0,0,0
20221011,NC,92.53,7.47,0,0,0,0
20221004,NC,97.55,2.45,0,0,0,0
20220927,NC,38.94,61.06,15.04,0,0,0
20220920,NC,66.53,33.47,10.08,0,0,0
20220913,NC,74.03,25.97,0,0,0,0
20220906,NC,61.72,38.28,0,0,0,0
20220830,NC,71.07,28.93,0.01,0,0,0
20220823,NC,71.07,28.93,0,0,0,0
20220816,NC,60.1,39.9,2.54,0,0,0
20220809,NC,55.31,44.69,1.63,0,0,0
20220802,NC,53.93,46.07,1.63,0,0,0
20220726,NC,52.29,47.71,6.45,0,0,0
20220719,NC,51.46,48.54,7.47,0,0,0
20220712,NC,46.44,53.56,21.21,0,0,0
20220705,NC,4.95,95.05,53.27,14.14,0,0
20220628,NC,3.25,96.75,40.6,17.11,0,0
20220621,NC,34.44,65.56,35.61,8.16,0,0
20220614,NC,46.16,53.84,27.52,8.16,0,0
20220607,NC,56.23,43.77,28.15,12.43,0,0
20220531,NC,60.56,39.44,25.77,11.52,0,0
20220524,NC,51,49,26.35,12.48,0,0
20220517,NC,37.6,62.4,26.27,11.96,0,0
20220510,NC,50.79,49.21,26.62,11.02,0,0
20220503,NC,54.16,45.84,26.62,11.02,0,0
20220426,NC,56.68,43.32,26.62,10.17,0,0
20220419,NC,55.52,44.48,25.03,8.13,0,0
20220412,NC,54.44,45.56,24,8.13,0,0
20220405,NC,54.62,45.38,30.66,11.02,0,0
20220329,NC,59,41,30.66,3.54,0,0
20220322,NC,56.25,43.75,30.35,2.85,0,0
20220315,NC,41.86,58.14,20.21,0,0,0
20220308,NC,33.55,66.45,20.21,0,0,0
20220301,NC,48.29,51.71,9.1,0,0,0
20220222,NC,39.25,60.75,9.1,0,0,0
20220215,NC,56.69,43.31,1.99,0,0,0
20220208,NC,56.69,43.31,1.99,0,0,0
20220201,NC,33.44,66.56,14.22,0,0,0
20220125,NC,40.4,59.6,14.22,0,0,0
20220118,NC,17.66,82.34,22.84,0,0,0
20220111,NC,7.09,92.91,57.14,1.03,0,0
20220104,NC,2.84,97.16,60.2,2.76,0,0
20211228,NC,0.7,99.3,86.81,41.64,0,0
20221206,ND,0,100,87.07,28.72,0,0
20221129,ND,0,100,87.07,28.72,0,0
20221122,ND,0,100,87.05,28.72,0,0
20221115,ND,0,100,87.05,28.72,0,0
20221108,ND,0,100,92.1,39.71,0,0
20221101,ND,0,100,92.1,39.7,0,0
20221025,ND,1.05,98.95,92.1,18.83,0,0
20221018,ND,1.05,98.95,92.1,18.83,0,0
20221011,ND,1.05,98.95,88.15,16.66,0,0
20221004,ND,1.06,98.94,72.05,12.21,0,0
20220927,ND,1.13,98.87,71.59,12.21,0,0
20220920,ND,5.73,94.27,60.33,4.01,0,0
20220913,ND,15.66,84.34,5.25,1.36,0,0
20220906,ND,71.84,28.16,2,0,0,0
20220830,ND,71.88,28.12,0.53,0,0,0
20220823,ND,71.43,28.57,0.53,0,0,0
20220816,ND,75.85,24.15,0.53,0,0,0
20220809,ND,98.19,1.81,0.53,0,0,0
20220802,ND,98.34,1.66,0,0,0,0
20220726,ND,99.04,0.96,0,0,0,0
20220719,ND,99.04,0.96,0,0,0,0
20220712,ND,100,0,0,0,0,0
20220705,ND,100,0,0,0,0,0
20220628,ND,100,0,0,0,0,0
20220621,ND,100,0,0,0,0,0
20220614,ND,100,0,0,0,0,0
20220607,ND,93.23,6.77,0,0,0,0
20220531,ND,88.42,11.58,0,0,0,0
20220524,ND,81.25,18.75,5.86,0,0,0
20220517,ND,79.08,20.92,8.95,0,0,0
20220510,ND,64.47,35.53,19.37,8.05,0,0
20220503,ND,63.51,36.49,19.37,7.98,0,0
20220426,ND,63.52,36.48,19.37,8.26,0.1,0
20220419,ND,53.93,46.07,30,14.26,2.03,0
20220412,ND,45.63,54.37,41.61,23.93,7.06,0
20220405,ND,45.73,54.27,41.6,23.93,7.06,0
20220329,ND,45.73,54.27,41.6,23.93,7.06,0
20220322,ND,48.35,51.65,36.84,21.87,7.06,0
20220315,ND,48.35,51.65,36.84,21.87,5.35,0
20220308,ND,48.35,51.65,36.84,21.87,5.35,0
20220301,ND,48.37,51.63,36.84,21.87,5.35,0
20220222,ND,20.35,79.65,41.04,21.87,5.37,0
20220215,ND,19.47,80.53,41.04,21.87,5.37,0
20220208,ND,19.47,80.53,52.23,26.18,7.04,0
20220201,ND,19.47,80.53,52.23,26.27,7.04,0
20220125,ND,19.47,80.53,54.51,27.5,8.54,0
20220118,ND,19.47,80.53,54.51,27.29,8.21,0
20220111,ND,19.5,80.5,54.51,22.18,8.21,0
20220104,ND,20.02,79.98,54.03,22.01,8.21,0
20211228,ND,14.23,85.77,53.94,30.41,8.21,0
20221206,NE,0,100,99.78,85.15,58.39,17.37
20221129,NE,0,100,99.78,85.15,58.39,17.37
20221122,NE,0,100,99.78,85.15,58.39,17.37
20221115,NE,0,100,99.78,84.62,58.39,17.37
20221108,NE,0,100,99.78,84.45,58.39,14.89
20221101,NE,0,100,99.78,83.84,51.04,11.5
20221025,NE,0,100,99.78,83.44,51.01,11.5
20221018,NE,0,100,98.39,81.19,42.42,11.49
20221011,NE,0,100,98.39,80.44,33.68,11.49
20221004,NE,0,100,98.37,76.77,31.81,11.49
20220927,NE,0,100,94.94,74.27,30.52,10.5
20220920,NE,0,100,95.23,72.82,30.4,10.5
20220913,NE,0,100,87.58,64.98,29.09,10.5
20220906,NE,0,100,86.27,62.68,27.73,10.47
20220830,NE,0.14,99.86,84.62,59.61,20.1,6.09
20220823,NE,5.46,94.54,76.36,49.14,18.22,4.63
20220816,NE,4.98,95.02,76.46,49.07,16.91,4.63
20220809,NE,4.52,95.48,80.44,50.16,18.17,4.63
20220802,NE,10.37,89.63,76.51,46.78,12.29,0.52
20220726,NE,11.07,88.93,76.22,44.02,12.29,0
20220719,NE,13.22,86.78,75.74,43.98,9.54,0
20220712,NE,12.98,87.02,75.48,41.28,9.56,0
20220705,NE,12.59,87.41,76.41,43.07,8.76,0
20220628,NE,11.75,88.25,82.83,43.6,6.95,0
20220621,NE,11.75,88.25,82.83,42.42,3.83,0
20220614,NE,9.18,90.82,83.11,39.45,3.83,0
20220607,NE,5.68,94.32,87.77,44.59,4.13,0
20220531,NE,5.8,94.2,88.38,44.69,4.95,0
20220524,NE,1.93,98.07,93.52,46.97,7.55,0
20220517,NE,1.93,98.07,93.52,47.69,7.55,0
20220510,NE,1.93,98.07,93.52,47.69,5.3,0
20220503,NE,1.93,98.07,93.62,61.78,11.93,0
20220426,NE,0.95,99.05,96.41,75.59,22.13,0
20220419,NE,0.98,99.02,96.43,73.54,22.13,0
20220412,NE,0.98,99.02,96.43,61.77,9.74,0
20220405,NE,1.03,98.97,96.43,59.19,3.8,0
20220329,NE,1.03,98.97,95.06,59.19,3.8,0
20220322,NE,0.61,99.39,94.95,44.66,1.38,0
20220315,NE,0,100,98.73,46.65,1.38,0
20220308,NE,0,100,98.2,37.86,0,0
20220301,NE,0,100,98.2,37.86,0,0
20220222,NE,0.05,99.95,91.2,15.19,0,0
20220215,NE,0.16,99.84,91.2,14.09,0,0
20220208,NE,2.26,97.74,74.19,14.03,0,0
20220201,NE,8.31,91.69,38.09,13.28,0,0
20220125,NE,9.49,90.51,35.08,13.28,0,0
20220118,NE,18,82,34.82,12.96,0,0
20220111,NE,18.06,81.94,34.76,12.96,2.91,0
20220104,NE,18.24,81.76,34.54,13.1,2.91,0
20211228,NE,18.35,81.65,34.62,13.1,2.91,0
20221206,NH,64.65,35.35,3.29,0,0,0
20221129,NH,64.65,35.35,3.29,0,0,0
20221122,NH,64.65,35.35,3.19,0,0,0
20221115,NH,64.76,35.24,3.19,0,0,0
20221108,NH,64,36,3.24,0,0,0
20221101,NH,64,36,3.24,0,0,0
20221025,NH,45.67,54.33,3.24,0,0,0
20221018,NH,45.67,54.33,20.33,0,0,0
20221011,NH,41.47,58.53,24.19,0.81,0,0
20221004,NH,48.14,51.86,23.96,0.81,0,0
20220927,NH,48.71,51.29,23.96,0.81,0,0
20220920,NH,8.07,91.93,46.75,21.23,0,0
20220913,NH,8.07,91.93,48.05,24.3,0,0
20220906,NH,8.07,91.93,47.98,24.3,0,0
20220830,NH,8.07,91.93,48.96,24.13,2.75,0
20220823,NH,8.07,91.93,48.22,25,1.53,0
20220816,NH,1.03,98.97,39.07,25,1.53,0
20220809,NH,0.93,99.07,39.33,13.29,0,0
20220802,NH,1.46,98.54,85.67,13.29,0,0
20220726,NH,0,100,85.67,3.41,0,0
20220719,NH,0,100,100,3.41,0,0
20220712,NH,0,100,100,3.41,0,0
20220705,NH,1.51,98.49,56.96,0,0,0
20220628,NH,1.51,98.49,4.01,0,0,0
20220621,NH,94.39,5.61,0.91,0,0,0
20220614,NH,94.44,5.56,0.91,0,0,0
20220607,NH,88.49,11.51,0.91,0,0,0
20220531,NH,88.49,11.51,0.91,0,0,0
20220524,NH,88.49,11.51,0,0,0,0
20220517,NH,86.8,13.2,0,0,0,0
20220510,NH,97.66,2.34,0,0,0,0
20220503,NH,97.46,2.54,0,0,0,0
20220426,NH,97.46,2.54,0,0,0,0
20220419,NH,97.46,2.54,0,0,0,0
20220412,NH,87.17,12.83,0,0,0,0
20220405,NH,67.16,32.84,0,0,0,0
20220329,NH,64.08,35.92,0,0,0,0
20220322,NH,62.5,37.5,0,0,0,0
20220315,NH,62.5,37.5,0,0,0,0
20220308,NH,62.5,37.5,3.28,0,0,0
20220301,NH,62.5,37.5,3.28,0,0,0
20220222,NH,60.72,39.28,3.28,0,0,0
20220215,NH,60.72,39.28,3.28,0,0,0
20220208,NH,60.72,39.28,3.28,0,0,0
20220201,NH,60.72,39.28,3.28,0,0,0
20220125,NH,87.79,12.21,3.28,0,0,0
20220118,NH,87.79,12.21,3.28,0,0,0
20220111,NH,87.79,12.21,3.28,0,0,0
20220104,NH,87.79,12.21,3.28,0,0,0
20211228,NH,87.79,12.21,3.28,0,0,0
20221206,NJ,73.84,26.16,7.01,0,0,0
20221129,NJ,73.84,26.16,7.85,0,0,0
20221122,NJ,73.84,26.16,7.85,0,0,0
20221115,NJ,67.02,32.98,8.45,0,0,0
20221108,NJ,67.02,32.98,9.88,0,0,0
20221101,NJ,77.76,22.24,9.14,0,0,0
20221025,NJ,77.76,22.24,9.14,0,0,0
20221018,NJ,66.01,33.99,15.11,0,0,0
20221011,NJ,56.07,43.93,21.5,0,0,0
20221004,NJ,23.73,76.27,36.25,5.14,0,0
20220927,NJ,3.14,96.86,68.11,12.28,0,0
20220920,NJ,3.13,96.87,70.15,12.28,0,0
20220913,NJ,3.13,96.87,70.15,15.18,0,0
20220906,NJ,3.11,96.89,67.29,28.8,0,0
20220830,NJ,5.12,94.88,67.33,28.89,0,0
20220823,NJ,7.63,92.37,50.84,11.69,0,0
20220816,NJ,12.75,87.25,32.21,8.07,0,0
20220809,NJ,20.9,79.1,22.12,0.57,0,0
20220802,NJ,25.41,74.59,23.15,0,0,0
20220726,NJ,30.94,69.06,12.34,0,0,0
20220719,NJ,45.54,54.46,0,0,0,0
20220712,NJ,47.86,52.14,0,0,0,0
20220705,NJ,58.38,41.62,0,0,0,0
20220628,NJ,72.06,27.94,0,0,0,0
20220621,NJ,93.4,6.6,0,0,0,0
20220614,NJ,93.4,6.6,0,0,0,0
20220607,NJ,93.4,6.6,0,0,0,0
20220531,NJ,93.4,6.6,0,0,0,0
20220524,NJ,93.4,6.6,0,0,0,0
20220517,NJ,93.4,6.6,0,0,0,0
20220510,NJ,93.4,6.6,0,0,0,0
20220503,NJ,84.5,15.5,0,0,0,0
20220426,NJ,84.5,15.5,0,0,0,0
20220419,NJ,84.5,15.5,0,0,0,0
20220412,NJ,72.84,27.16,10.76,0,0,0
20220405,NJ,0,100,26.83,0,0,0
20220329,NJ,0,100,26.83,0,0,0
20220322,NJ,0,100,26.83,0,0,0
20220315,NJ,24.64,75.36,26.83,0,0,0
20220308,NJ,24.64,75.36,26.83,0,0,0
20220301,NJ,52.25,47.75,0,0,0,0
20220222,NJ,52.26,47.74,0,0,0,0
20220215,NJ,52.26,47.74,0,0,0,0
20220208,NJ,52.26,47.74,0,0,0,0
20220201,NJ,52.26,47.74,0,0,0,0
20220125,NJ,71.95,28.05,0,0,0,0
20220118,NJ,70.91,29.09,0,0,0,0
20220111,NJ,71.03,28.97,0,0,0,0
20220104,NJ,70.66,29.34,0,0,0,0
20211228,NJ,70.66,29.34,0,0,0,0
20221206,NM,7.02,92.98,42.02,18.42,3.74,0.19
20221129,NM,6.76,93.24,42.32,18.42,3.74,0.19
20221122,NM,6.76,93.24,42.34,20.51,4.93,0.19
20221115,NM,6.76,93.24,42.2,20.49,4.93,0.19
20221108,NM,6.76,93.24,42.2,20.49,4.93,0.19
20221101,NM,6.76,93.24,42.2,20.41,4.93,0.19
20221025,NM,4.94,95.06,46.09,21.48,7.02,0.19
20221018,NM,4.94,95.06,49.06,23.09,7.01,0.19
20221011,NM,3.31,96.69,52.1,26.36,7.16,0.19
20221004,NM,3.3,96.7,76.81,32.32,7.27,0.18
20220927,NM,0.99,99.01,76.8,31.46,6.99,0
20220920,NM,0.93,99.07,81.52,38.21,6.99,0
20220913,NM,0.93,99.07,84.2,46.76,7.1,0
20220906,NM,0.91,99.09,87.78,58.35,9.17,0
20220830,NM,0.93,99.07,87.78,58.58,10.43,0.23
20220823,NM,0.91,99.09,88.36,61.62,14.77,0.31
20220816,NM,0.6,99.4,91.52,62.11,28.25,0.33
20220809,NM,0.6,99.4,93.34,64.82,29.69,2.95
20220802,NM,0.68,99.32,95.91,71.24,29.41,9.34
20220726,NM,0.68,99.32,98.51,76.22,32.58,11.08
20220719,NM,0.68,99.32,98.51,85.47,32.76,11.08
20220712,NM,0,100,98.45,85.5,32.76,11.28
20220705,NM,0,100,98.45,94.89,57.11,11.35
20220628,NM,0,100,98.5,95.18,58.38,11.79
20220621,NM,0,100,100,97.41,90.45,52.17
20220614,NM,0,100,100,97.41,90.45,52.17
20220607,NM,0,100,100,97.18,90.06,46.76
20220531,NM,0,100,99.26,97.2,90.06,45.84
20220524,NM,0,100,99.26,97.2,90.06,45.84
20220517,NM,0,100,99.26,97.2,84.91,36.73
20220510,NM,0,100,98.94,95.81,79.01,24.65
20220503,NM,0,100,98.94,95.79,79.05,24.64
20220426,NM,0,100,98.94,95.79,67.99,15.74
20220419,NM,0,100,98.94,93.32,63.32,7.17
20220412,NM,0,100,98.94,93.32,52.03,7.17
20220405,NM,0.06,99.94,98.89,91.5,47.2,6.03
20220329,NM,0.06,99.94,98.89,91.19,43.84,5.53
20220322,NM,0.06,99.94,98.91,91.19,39.64,5.53
20220315,NM,0,100,98.92,91.2,38.57,3.85
20220308,NM,0,100,98.92,85.09,34.52,3.85
20220301,NM,0,100,97.09,80.96,33.09,2.77
20220222,NM,0,100,97.09,79.86,32.46,2.53
20220215,NM,0,100,97.09,78.16,29.76,2.53
20220208,NM,0,100,97.09,78.17,29.76,2.53
20220201,NM,0,100,97.15,78.16,29.76,2.53
20220125,NM,0,100,97.15,78.16,30.01,1.88
20220118,NM,0,100,97.15,77.09,19.88,0
20220111,NM,0,100,97.15,77.09,19.88,0
20220104,NM,0,100,97.83,75.86,20.91,0
20211228,NM,0,100,97.79,75.72,20.91,0
20221206,NV,0,100,100,99.51,32.21,0
20221129,NV,0,100,100,99.51,37.87,0
20221122,NV,0,100,100,99.51,43.37,0
20221115,NV,0,100,100,99.51,43.37,0
20221108,NV,0,100,100,99.52,44.61,0
20221101,NV,0,100,100,99.52,44.61,0
20221025,NV,0,100,100,99.52,44.61,0
20221018,NV,0,100,100,99.52,44.61,0
20221011,NV,0,100,100,99.52,44.61,0
20221004,NV,0,100,100,99.52,45.85,0
20220927,NV,0,100,100,99.52,45.85,0
20220920,NV,0,100,100,99.52,45.85,0
20220913,NV,0,100,100,99.52,45.85,0
20220906,NV,0,100,100,99.52,52.21,0
20220830,NV,0,100,100,99.52,52.21,0
20220823,NV,0,100,100,99.52,52.21,0
20220816,NV,0,100,100,99.52,52.7,0
20220809,NV,0,100,100,99.52,53.68,4.17
20220802,NV,0,100,100,99.52,63.56,28.82
20220726,NV,0,100,100,99.52,63.55,29.8
20220719,NV,0,100,100,99.52,63.55,29.8
20220712,NV,0,100,100,99.52,62.87,29.8
20220705,NV,0,100,100,99.52,58.54,21.32
20220628,NV,0,100,100,99.52,58.54,21.32
20220621,NV,0,100,100,99.52,58.54,21.32
20220614,NV,0,100,100,99.52,58.61,21.32
20220607,NV,0,100,100,99.52,55.35,21.32
20220531,NV,0,100,100,99.52,55.35,21.32
20220524,NV,0,100,100,100,55.35,21.32
20220517,NV,0,100,100,100,54.87,20.26
20220510,NV,0,100,100,100,54.87,8.27
20220503,NV,0,100,100,100,51.65,8.27
20220426,NV,0,100,100,100,50.74,8.27
20220419,NV,0,100,100,100,48.9,7.5
20220412,NV,0,100,100,100,48.81,7.5
20220405,NV,0,100,100,100,40.07,7.5
20220329,NV,0,100,100,100,35.77,7.5
20220322,NV,0,100,100,100,35.63,7.5
20220315,NV,0,100,100,100,35.63,7.5
20220308,NV,0,100,100,100,35.63,7.5
20220301,NV,0,100,100,100,35.63,7.5
20220222,NV,0,100,100,67.5,21.84,7.5
20220215,NV,0,100,100,67.5,21.84,7.5
20220208,NV,0,100,100,66.86,21.84,7.5
20220201,NV,0,100,100,66.83,21.84,7.5
20220125,NV,0,100,100,66.83,21.84,7.5
20220118,NV,0,100,100,66.83,21.84,7.5
20220111,NV,0,100,100,66.83,21.84,7.5
20220104,NV,0,100,100,68.07,24.21,7.5
20211228,NV,0,100,100,89.27,28.13,7.5
20221206,NY,89.27,10.73,4.31,0,0,0
20221129,NY,90.93,9.07,4.31,0,0,0
20221122,NY,90.93,9.07,4.31,0,0,0
20221115,NY,90.94,9.06,4.31,0,0,0
20221108,NY,59.4,40.6,4.35,0.75,0,0
20221101,NY,59.8,40.2,4.35,0.75,0,0
20221025,NY,67.71,32.29,4.35,0.75,0,0
20221018,NY,83.44,16.56,4.82,0.75,0,0
20221011,NY,82.71,17.29,6.67,0.98,0,0
20221004,NY,80.5,19.5,9.34,4.07,0,0
20220927,NY,75.39,24.61,9.91,4.55,0,0
20220920,NY,53.19,46.81,11.71,5.73,0,0
20220913,NY,43.8,56.2,15.6,5.73,0,0
20220906,NY,36.52,63.48,15.6,6.28,0,0
20220830,NY,23.92,76.08,24.68,6.28,0,0
20220823,NY,44.96,55.04,21.73,3.28,0,0
20220816,NY,45.28,54.72,20.74,3.24,0,0
20220809,NY,45.69,54.31,13.79,1.32,0,0
20220802,NY,52.5,47.5,16.12,0.01,0,0
20220726,NY,53.95,46.05,8.44,0,0,0
20220719,NY,61.44,38.56,7.64,0,0,0
20220712,NY,64.19,35.81,2.33,0,0,0
20220705,NY,72.92,27.08,0,0,0,0
20220628,NY,87.9,12.1,0,0,0,0
20220621,NY,90.76,9.24,0,0,0,0
20220614,NY,93.92,6.08,0,0,0,0
20220607,NY,90.76,9.24,0,0,0,0
20220531,NY,90.76,9.24,0,0,0,0
20220524,NY,90.76,9.24,0,0,0,0
20220517,NY,91.32,8.68,0,0,0,0
20220510,NY,100,0,0,0,0,0
20220503,NY,100,0,0,0,0,0
20220426,NY,100,0,0,0,0,0
20220419,NY,100,0,0,0,0,0
20220412,NY,100,0,0,0,0,0
20220405,NY,95.33,4.67,0,0,0,0
20220329,NY,91.87,8.13,0,0,0,0
20220322,NY,91.87,8.13,0,0,0,0
20220315,NY,96.3,3.7,0,0,0,0
20220308,NY,94.58,5.42,0,0,0,0
20220301,NY,94.61,5.39,0,0,0,0
20220222,NY,94.28,5.72,0,0,0,0
20220215,NY,94.28,5.72,0,0,0,0
20220208,NY,94.28,5.72,0,0,0,0
20220201,NY,95.27,4.73,0,0,0,0
20220125,NY,100,0,0,0,0,0
20220118,NY,100,0,0,0,0,0
20220111,NY,100,0,0,0,0,0
20220104,NY,100,0,0,0,0,0
20211228,NY,100,0,0,0,0,0
20221206,OH,43,57,33.21,0,0,0
20221129,OH,26.56,73.44,33,0,0,0
20221122,OH,23.71,76.29,37.71,0,0,0
20221115,OH,23.71,76.29,37.71,0,0,0
20221108,OH,11.7,88.3,66.76,1.04,0,0
20221101,OH,14.44,85.56,42.64,0,0,0
20221025,OH,26.63,73.37,36.31,0,0,0
20221018,OH,41,59,7.13,0,0,0
20221011,OH,53.9,46.1,0,0,0,0
20221004,OH,80.32,19.68,0,0,0,0
20220927,OH,93.91,6.09,0,0,0,0
20220920,OH,95.48,4.52,0,0,0,0
20220913,OH,95.48,4.52,0,0,0,0
20220906,OH,95.48,4.52,0,0,0,0
20220830,OH,92.55,7.45,0,0,0,0
20220823,OH,95,5,0,0,0,0
20220816,OH,95.11,4.89,0,0,0,0
20220809,OH,95.11,4.89,0,0,0,0
20220802,OH,93.08,6.92,0,0,0,0
20220726,OH,90.89,9.11,0,0,0,0
20220719,OH,83.9,16.1,0,0,0,0
20220712,OH,79.98,20.02,0,0,0,0
20220705,OH,64.06,35.94,0,0,0,0
20220628,OH,89.96,10.04,0,0,0,0
20220621,OH,100,0,0,0,0,0
20220614,OH,100,0,0,0,0,0
20220607,OH,100,0,0,0,0,0
20220531,OH,100,0,0,0,0,0
20220524,OH,100,0,0,0,0,0
20220517,OH,100,0,0,0,0,0
20220510,OH,100,0,0,0,0,0
20220503,OH,100,0,0,0,0,0
20220426,OH,100,0,0,0,0,0
20220419,OH,100,0,0,0,0,0
20220412,OH,100,0,0,0,0,0
20220405,OH,100,0,0,0,0,0
20220329,OH,100,0,0,0,0,0
20220322,OH,100,0,0,0,0,0
20220315,OH,100,0,0,0,0,0
20220308,OH,100,0,0,0,0,0
20220301,OH,100,0,0,0,0,0
20220222,OH,100,0,0,0,0,0
20220215,OH,100,0,0,0,0,0
20220208,OH,100,0,0,0,0,0
20220201,OH,100,0,0,0,0,0
20220125,OH,100,0,0,0,0,0
20220118,OH,100,0,0,0,0,0
20220111,OH,100,0,0,0,0,0
20220104,OH,100,0,0,0,0,0
20211228,OH,99.99,0.01,0,0,0,0
20221206,OK,0.03,99.97,91.21,85.98,64.01,19.88
20221129,OK,0.03,99.97,91.21,85.98,64.01,19.77
20221122,OK,0,100,97.68,87.88,64.46,19.77
20221115,OK,0,100,97.71,87.88,64.07,19.67
20221108,OK,0,100,97.71,88.77,64.54,22.38
20221101,OK,0,100,100,97.43,66.77,21.06
20221025,OK,0,100,100,99.82,70.29,21.05
20221018,OK,0,100,100,99.82,82.26,29.71
20221011,OK,0,100,100,99.66,85.65,29.1
20221004,OK,0,100,99.97,99.51,75.77,17.78
20220927,OK,0,100,99.88,94.44,64.44,17.25
20220920,OK,0.03,99.97,98.91,89.25,53.99,13.64
20220913,OK,0.03,99.97,96.53,85.43,48.81,3.06
20220906,OK,0.03,99.97,96.53,84.86,47.73,2.19
20220830,OK,0.02,99.98,98.98,88.22,47.13,2.19
20220823,OK,0.02,99.98,98.64,89.68,48.6,2.19
20220816,OK,0,100,99.33,90.63,59.15,3.5
20220809,OK,0,100,99.33,92.45,48.83,0.67
20220802,OK,0,100,99.15,91.72,31.75,0
20220726,OK,0,100,99.81,92.11,37.45,0
20220719,OK,0,100,99.69,57.51,6.8,0
20220712,OK,0,100,62.75,22.39,2.87,0
20220705,OK,35.66,64.34,31.14,14.79,5.07,0.69
20220628,OK,54.09,45.91,30.76,14.79,5.07,1.46
20220621,OK,58.98,41.02,31.26,15.81,5.45,1.46
20220614,OK,59.68,40.32,30.38,15.81,5.45,1.46
20220607,OK,56.89,43.11,35.3,21.31,8.84,2.47
20220531,OK,51.02,48.98,42.58,34.82,17.16,2.93
20220524,OK,46.9,53.1,43.63,35.97,18.25,2.93
20220517,OK,39.49,60.51,53.54,44.86,34.12,10.17
20220510,OK,39.71,60.29,53.54,44.86,35.88,10.45
20220503,OK,22.77,77.23,65.34,55.29,39.38,10.4
20220426,OK,22.73,77.27,65.4,55.3,39.39,11.03
20220419,OK,19.25,80.75,72.7,57.56,36,9.43
20220412,OK,15.37,84.63,74.19,59.93,32.15,8.93
20220405,OK,13.76,86.24,76.49,60.49,31.09,8.97
20220329,OK,13.76,86.24,76.49,63.34,33.9,8.32
20220322,OK,12.94,87.06,77.01,64.1,33.9,7.81
20220315,OK,8.16,91.84,86.62,74.46,56.73,14.42
20220308,OK,8.16,91.84,86.62,74.46,56.52,12.03
20220301,OK,7.72,92.28,86.65,74.04,52.05,3.05
20220222,OK,6.69,93.31,86.65,73.94,52.05,2.9
20220215,OK,2.33,97.67,87.98,76.35,55.65,2.9
20220208,OK,8.3,91.7,85.57,74.53,48.11,2.9
20220201,OK,3.91,96.09,88.62,77.66,49.17,2.9
20220125,OK,3.91,96.09,88.23,77.66,49.17,2.9
20220118,OK,4.8,95.2,88.04,73.86,46.55,2.06
20220111,OK,5.08,94.92,88.04,71.89,41.47,0
20220104,OK,5.02,94.98,88.14,72.26,40.44,0
20211228,OK,4.92,95.08,90.17,72.51,22.62,0
20221206,OR,5.88,94.12,59.76,46.04,26.18,1.4
20221129,OR,5.38,94.62,59.76,46.04,26.18,1.4
20221122,OR,5.37,94.63,59.79,46.04,26.18,1.4
20221115,OR,5.37,94.63,59.79,46.04,26.18,1.4
20221108,OR,5.37,94.63,60.16,46.22,26.18,1.4
20221101,OR,0.44,99.56,80.77,52.92,30.73,1.4
20221025,OR,0.44,99.56,80.77,52.92,30.73,1.4
20221018,OR,0.44,99.56,80.77,52.92,30.73,1.4
20221011,OR,0.44,99.56,70.91,52.51,30.73,1.4
20221004,OR,0.44,99.56,68.78,52.5,30.73,1.4
20220927,OR,0.42,99.58,68.05,52.42,30.73,1.4
20220920,OR,11.67,88.33,68.05,52.22,30.73,1.4
20220913,OR,14.92,85.08,68.01,52.22,30.73,1.4
20220906,OR,25.04,74.96,65.71,52.22,30.73,1.4
20220830,OR,24.93,75.07,65.71,52.22,30.73,1.4
20220823,OR,25.02,74.98,65.52,52.22,30.73,1.4
20220816,OR,25.01,74.99,65.52,52.22,30.73,1.4
20220809,OR,25.01,74.99,65.6,52.55,30.73,1.4
20220802,OR,24.6,75.4,66.42,53.91,33.03,1.77
20220726,OR,24.6,75.4,66.42,52.76,31.72,1.77
20220719,OR,24.6,75.4,66.42,52.76,31.72,1.77
20220712,OR,25,75,66.67,52.71,31.72,1.77
20220705,OR,24.76,75.24,66.67,52.71,31.72,1.77
20220628,OR,24.6,75.4,66.49,52.71,31.72,1.77
20220621,OR,24.6,75.4,66.49,52.71,31.72,1.77
20220614,OR,24.25,75.75,67.93,56.72,40.06,1.93
20220607,OR,19.39,80.61,71.16,61.99,45.78,5.77
20220531,OR,18.7,81.3,73.06,63.39,47.22,11.81
20220524,OR,17.41,82.59,74.31,63.57,47.22,11.81
20220517,OR,13.09,86.91,76.03,64.09,47.22,13.34
20220510,OR,12.83,87.17,79.35,65.63,48.13,14.43
20220503,OR,10.14,89.86,84.21,68.76,50.85,15.71
20220426,OR,9.08,90.92,86.14,72.31,53.12,17.3
20220419,OR,9.08,90.92,86.14,72.31,53.12,17.3
20220412,OR,7.23,92.77,88.12,75.88,56.72,15.01
20220405,OR,7.16,92.84,88.1,75.88,54.05,15.01
20220329,OR,7.16,92.84,88.44,74.25,50.28,15.01
20220322,OR,6.11,93.89,89.04,74.25,49.92,15.01
20220315,OR,5.66,94.34,89.04,75.03,49.69,15.73
20220308,OR,5.66,94.34,90.01,76.16,50.07,16.22
20220301,OR,4.97,95.03,90.65,77.27,45.61,16.22
20220222,OR,4.18,95.82,90.65,76.38,45.61,16.22
20220215,OR,4.27,95.73,90.59,75.03,45.61,16.22
20220208,OR,4.27,95.73,88.12,74.78,42.05,16.22
20220201,OR,4.87,95.13,88.12,74.05,42.05,16.22
20220125,OR,4.68,95.32,88.23,74.05,42.05,16.22
20220118,OR,4.68,95.32,88.23,74.05,42.05,16.22
20220111,OR,4.66,95.34,88.23,74.05,42.05,16.22
20220104,OR,4.16,95.84,89.75,75.37,50.84,17.27
20211228,OR,2.95,97.05,93.89,75.89,57.92,18.52
20221206,PA,100,0,0,0,0,0
20221129,PA,100,0,0,0,0,0
20221122,PA,100,0,0,0,0,0
20221115,PA,100,0,0,0,0,0
20221108,PA,67.03,32.97,0,0,0,0
20221101,PA,89.89,10.11,0,0,0,0
20221025,PA,96.41,3.59,0,0,0,0
20221018,PA,98.17,1.83,0,0,0,0
20221011,PA,94.3,5.7,0,0,0,0
20221004,PA,79.47,20.53,0.02,0,0,0
20220927,PA,76.77,23.23,0.27,0,0,0
20220920,PA,63.83,36.17,0.29,0,0,0
20220913,PA,63.59,36.41,1.28,0,0,0
20220906,PA,44.38,55.62,1.35,0,0,0
20220830,PA,44.73,55.27,7.3,0,0,0
20220823,PA,55.55,44.45,6.93,0,0,0
20220816,PA,59.6,40.4,6.93,0,0,0
20220809,PA,60.57,39.43,6.66,0,0,0
20220802,PA,59.35,40.65,6.67,0,0,0
20220726,PA,59.78,40.22,6.67,0,0,0
20220719,PA,62.85,37.15,6.67,0,0,0
20220712,PA,66.41,33.59,0,0,0,0
20220705,PA,92.05,7.95,0,0,0,0
20220628,PA,94.83,5.17,0,0,0,0
20220621,PA,94.83,5.17,0,0,0,0
20220614,PA,99.79,0.21,0,0,0,0
20220607,PA,99.79,0.21,0,0,0,0
20220531,PA,99.79,0.21,0,0,0,0
20220524,PA,99.79,0.21,0,0,0,0
20220517,PA,99.8,0.2,0,0,0,0
20220510,PA,100,0,0,0,0,0
20220503,PA,83.21,16.79,0,0,0,0
20220426,PA,82.14,17.86,0,0,0,0
20220419,PA,82.14,17.86,0,0,0,0
20220412,PA,79.63,20.37,0,0,0,0
20220405,PA,68.48,31.52,2.34,0,0,0
20220329,PA,68.6,31.4,2.34,0,0,0
20220322,PA,70.39,29.61,2.34,0,0,0
20220315,PA,72.65,27.35,2.18,0,0,0
20220308,PA,75.62,24.38,2.18,0,0,0
20220301,PA,86.33,13.67,0,0,0,0
20220222,PA,86.72,13.28,0,0,0,0
20220215,PA,86.72,13.28,0,0,0,0
20220208,PA,83.16,16.84,0,0,0,0
20220201,PA,83.16,16.84,0,0,0,0
20220125,PA,89.2,10.8,0,0,0,0
20220118,PA,88.65,11.35,0,0,0,0
20220111,PA,88.62,11.38,0,0,0,0
20220104,PA,87.66,12.34,0,0,0,0
20211228,PA,84.62,15.38,0,0,0,0
20221206,PR,100,0,0,0,0,0
20221129,PR,100,0,0,0,0,0
20221122,PR,100,0,0,0,0,0
20221115,PR,100,0,0,0,0,0
20221108,PR,100,0,0,0,0,0
20221101,PR,100,0,0,0,0,0
20221025,PR,93.33,6.67,0,0,0,0
20221018,PR,100,0,0,0,0,0
20221011,PR,100,0,0,0,0,0
20221004,PR,100,0,0,0,0,0
20220927,PR,100,0,0,0,0,0
20220920,PR,100,0,0,0,0,0
20220913,PR,70.97,29.03,8.43,0,0,0
20220906,PR,64.96,35.04,11.28,0,0,0
20220830,PR,50.78,49.22,28.79,4.6,0,0
20220823,PR,50.78,49.22,28.79,4.6,0,0
20220816,PR,37.39,62.61,36.57,5.89,0,0
20220809,PR,37.39,62.61,36.57,5.89,0,0
20220802,PR,15.01,84.99,47.76,8.03,0,0
20220726,PR,15.01,84.99,47.76,8.03,0,0
20220719,PR,15.01,84.99,47.76,8.03,0,0
20220712,PR,15.01,84.99,47.76,8.03,0,0
20220705,PR,10.87,89.13,59.24,8.03,0,0
20220628,PR,8.04,91.96,68.03,17.7,0,0
20220621,PR,8.04,91.96,68.03,8.33,0,0
20220614,PR,8.04,91.96,67.32,1.32,0,0
20220607,PR,10.87,89.13,60.88,0,0,0
20220531,PR,19.77,80.23,17.89,0,0,0
20220524,PR,18.45,81.55,18.42,0,0,0
20220517,PR,18.46,81.54,15.37,0,0,0
20220510,PR,33.44,66.56,3.39,0,0,0
20220503,PR,33.44,66.56,3.39,0,0,0
20220426,PR,61.71,38.29,4.43,0,0,0
20220419,PR,58.05,41.95,4.73,0,0,0
20220412,PR,61.14,38.86,4.73,0,0,0
20220405,PR,61.14,38.86,4.73,0,0,0
20220329,PR,61.14,38.86,4.73,0,0,0
20220322,PR,68.68,31.32,4.73,0,0,0
20220315,PR,68.68,31.32,4.73,0,0,0
20220308,PR,67.82,32.18,4.73,0,0,0
20220301,PR,67.82,32.18,4.73,0,0,0
20220222,PR,73.05,26.95,0.78,0,0,0
20220215,PR,73.05,26.95,0.78,0,0,0
20220208,PR,69.93,30.07,3.29,0,0,0
20220201,PR,13.64,86.36,38.97,4.76,0,0
20220125,PR,40.24,59.76,25.77,0,0,0
20220118,PR,41.52,58.48,25.77,0,0,0
20220111,PR,18.24,81.76,28.04,0,0,0
20220104,PR,18.24,81.76,28.04,0,0,0
20211228,PR,18.24,81.76,28.04,0,0,0
20221206,RI,75.74,24.26,0,0,0,0
20221129,RI,75.74,24.26,0,0,0,0
20221122,RI,100,0,0,0,0,0
20221115,RI,100,0,0,0,0,0
20221108,RI,100,0,0,0,0,0
20221101,RI,99.21,0.79,0,0,0,0
20221025,RI,81.9,18.1,0,0,0,0
20221018,RI,64.78,35.22,0.79,0,0,0
20221011,RI,0,100,35.22,0,0,0
20221004,RI,0,100,34.99,0,0,0
20220927,RI,0,100,71.5,0,0,0
20220920,RI,0,100,100,48.62,0,0
20220913,RI,0,100,100,56.98,25.54,0
20220906,RI,0,100,100,65.46,25.54,0
20220830,RI,0,100,100,100,53.03,0
20220823,RI,0,100,100,100,99.12,0
20220816,RI,0,100,100,100,99.12,0
20220809,RI,0,100,100,100,33.63,0
20220802,RI,0,100,100,100,0,0
20220726,RI,0,100,99.44,91.09,0,0
20220719,RI,0,100,92.53,0,0,0
20220712,RI,0,100,92.2,0,0,0
20220705,RI,0,100,92.2,0,0,0
20220628,RI,0,100,92.2,0,0,0
20220621,RI,0,100,92.2,0,0,0
20220614,RI,0,100,92.2,0,0,0
20220607,RI,0,100,92.2,0,0,0
20220531,RI,0,100,92.2,0,0,0
20220524,RI,0.79,99.21,30.77,0,0,0
20220517,RI,0.79,99.21,0,0,0,0
20220510,RI,100,0,0,0,0,0
20220503,RI,100,0,0,0,0,0
20220426,RI,100,0,0,0,0,0
20220419,RI,100,0,0,0,0,0
20220412,RI,100,0,0,0,0,0
20220405,RI,100,0,0,0,0,0
20220329,RI,100,0,0,0,0,0
20220322,RI,100,0,0,0,0,0
20220315,RI,100,0,0,0,0,0
20220308,RI,100,0,0,0,0,0
20220301,RI,100,0,0,0,0,0
20220222,RI,100,0,0,0,0,0
20220215,RI,100,0,0,0,0,0
20220208,RI,100,0,0,0,0,0
20220201,RI,100,0,0,0,0,0
20220125,RI,100,0,0,0,0,0
20220118,RI,100,0,0,0,0,0
20220111,RI,100,0,0,0,0,0
20220104,RI,100,0,0,0,0,0
20211228,RI,100,0,0,0,0,0
20221206,SC,68.12,31.88,10.98,0,0,0
20221129,SC,64.97,35.03,16.4,1.37,0,0
20221122,SC,62.05,37.95,17.09,1.37,0,0
20221115,SC,62.05,37.95,17.09,1.37,0,0
20221108,SC,39.58,60.42,24.63,3.32,0,0
20221101,SC,47.41,52.59,19.31,1.42,0,0
20221025,SC,54.21,45.79,16.32,2.49,0,0
20221018,SC,65.04,34.96,9.96,0,0,0
20221011,SC,71.24,28.76,6.77,0,0,0
20221004,SC,86.28,13.72,0,0,0,0
20220927,SC,63.65,36.35,4.72,0,0,0
20220920,SC,87.73,12.27,0.99,0,0,0
20220913,SC,87.73,12.27,0.99,0,0,0
20220906,SC,83.3,16.7,3.01,0,0,0
20220830,SC,83.11,16.89,4.37,0,0,0
20220823,SC,81.39,18.61,1.7,0,0,0
20220816,SC,68.02,31.98,1.48,0,0,0
20220809,SC,75.44,24.56,1.48,0,0,0
20220802,SC,78.63,21.37,0.47,0,0,0
20220726,SC,77.58,22.42,0,0,0,0
20220719,SC,72.78,27.22,0.32,0,0,0
20220712,SC,49.9,50.1,7.2,0,0,0
20220705,SC,4.49,95.51,50.05,7.16,0,0
20220628,SC,0.85,99.15,62.77,10.44,0,0
20220621,SC,9.61,90.39,45.03,3.95,0,0
20220614,SC,29.54,70.46,29.11,3.95,0,0
20220607,SC,46.94,53.06,25.75,3.95,0,0
20220531,SC,60.66,39.34,25.73,3.95,0,0
20220524,SC,51.1,48.9,25.73,3.95,0,0
20220517,SC,39.53,60.47,28.62,4.3,0,0
20220510,SC,50.72,49.28,27.18,4.3,0,0
20220503,SC,59.2,40.8,24.69,0,0,0
20220426,SC,59.2,40.8,24.33,0,0,0
20220419,SC,59.2,40.8,24.33,0,0,0
20220412,SC,57.08,42.92,24.33,0,0,0
20220405,SC,45.71,54.29,30.37,0,0,0
20220329,SC,48.5,51.5,30.37,0,0,0
20220322,SC,49.64,50.36,30.91,0,0,0
20220315,SC,26.41,73.59,37.78,0,0,0
20220308,SC,13.16,86.84,37.74,0,0,0
20220301,SC,31.07,68.93,23.04,0,0,0
20220222,SC,50.78,49.22,15.65,0,0,0
20220215,SC,68.2,31.8,5.06,0,0,0
20220208,SC,68.2,31.8,5.06,0,0,0
20220201,SC,56.32,43.68,6.49,0,0,0
20220125,SC,64.96,35.04,6.49,0,0,0
20220118,SC,57.07,42.93,19.79,0,0,0
20220111,SC,49.47,50.53,28.78,5.47,0,0
20220104,SC,51.78,48.22,31.63,7.87,0,0
20211228,SC,18.36,81.64,40.47,22.88,0,0
20221206,SD,0,100,90.66,37.91,12.99,0
20221129,SD,0,100,90.66,37.91,12.99,0
20221122,SD,0,100,90.67,37.91,12.99,0
20221115,SD,0,100,90.67,37.77,12.99,0
20221108,SD,0,100,90.67,43.95,12.33,0
20221101,SD,0,100,89.11,43.85,12.33,0
20221025,SD,0,100,70.36,31.07,12.24,1.25
20221018,SD,0,100,69.9,29.76,12.24,1.25
20221011,SD,5.45,94.55,61.54,24.72,7.84,1.25
20221004,SD,6.79,93.21,60.25,22.47,5.01,1.25
20220927,SD,6.81,93.19,61.01,19.02,3.59,1.25
20220920,SD,11.3,88.7,47.61,17.81,4.46,1.09
20220913,SD,18.19,81.81,40.47,13.13,3.6,0
20220906,SD,26.4,73.6,37.25,9.1,3.6,0
20220830,SD,29.21,70.79,35.11,8.41,2.69,0
20220823,SD,32.03,67.97,39.02,7.84,2.69,0
20220816,SD,32.82,67.18,36.22,7.84,2.69,0
20220809,SD,40.84,59.16,34.04,7.56,3.52,0
20220802,SD,36.23,63.77,39.06,7.29,1.13,0
20220726,SD,41.14,58.86,34.53,6.28,1.13,0
20220719,SD,41.14,58.86,36.14,4.94,0.31,0
20220712,SD,46.23,53.77,30.47,4.94,0.31,0
20220705,SD,47.92,52.08,26.33,4.94,0.31,0
20220628,SD,45.49,54.51,29.02,6.36,0.27,0
20220621,SD,45.49,54.51,30.15,6.4,0,0
20220614,SD,45.54,54.46,30.04,6.34,0,0
20220607,SD,34.17,65.83,49.66,14.04,2.56,0
20220531,SD,30.87,69.13,53.83,16.21,2.56,0
20220524,SD,26.86,73.14,58.62,23.94,4.27,0
20220517,SD,26.86,73.14,58.62,23.94,4.27,0
20220510,SD,23.79,76.21,67.7,22.39,3.58,0
20220503,SD,17.77,82.23,69.56,25.79,0.24,0
20220426,SD,13.54,86.46,71.63,29.53,4.29,0
20220419,SD,12.15,87.85,76.39,48.5,4.29,0
20220412,SD,15.36,84.64,73.99,45.97,0,0
20220405,SD,14.37,85.63,74.91,45.97,0,0
20220329,SD,14.37,85.63,74.91,45.97,0,0
20220322,SD,18.13,81.87,65.77,24.55,0,0
20220315,SD,18.13,81.87,65.77,22.14,0,0
20220308,SD,18.13,81.87,65.77,22.09,0,0
20220301,SD,18.22,81.78,65.77,22.09,0,0
20220222,SD,18.72,81.28,65.2,22.09,0,0
20220215,SD,18.88,81.12,65.2,22.09,0,0
20220208,SD,21.53,78.47,43.09,14.6,0,0
20220201,SD,21.57,78.43,43.09,14.34,0,0
20220125,SD,21.57,78.43,43.09,10.7,0,0
20220118,SD,21.65,78.35,42.41,9.6,0,0
20220111,SD,21.75,78.25,35.51,6.72,0,0
20220104,SD,21.31,78.69,34.91,6.63,0,0
20211228,SD,21.46,78.54,34.81,6.63,0,0
20221206,TN,2.57,97.43,46.7,7.52,0,0
20221129,TN,1.57,98.43,95.33,30.53,0,0
20221122,TN,2.83,97.17,85.54,5.02,0,0
20221115,TN,2.83,97.17,77.31,3.11,0,0
20221108,TN,2.4,97.6,74.52,8.93,0,0
20221101,TN,2.09,97.91,65.81,14.51,0,0
20221025,TN,8.92,91.08,70.84,14.51,0.56,0
20221018,TN,20.99,79.01,51.63,6.26,0,0
20221011,TN,25.89,74.11,38.71,0.14,0,0
20221004,TN,37.08,62.92,7.34,0,0,0
20220927,TN,58.8,41.2,0.99,0,0,0
20220920,TN,89.6,10.4,0.8,0,0,0
20220913,TN,96.86,3.14,0.8,0,0,0
20220906,TN,95.74,4.26,0.93,0,0,0
20220830,TN,87.57,12.43,2.16,0,0,0
20220823,TN,72.78,27.22,7.12,0.87,0,0
20220816,TN,62.68,37.32,21.94,1.89,0,0
20220809,TN,61.11,38.89,33.74,3.29,0,0
20220802,TN,53.47,46.53,34.46,21.65,0.37,0
20220726,TN,43.59,56.41,42.31,25.53,2.46,0
20220719,TN,39.53,60.47,39.01,19.95,0,0
20220712,TN,35.88,64.12,38.75,3.8,0,0
20220705,TN,15.02,84.98,40.74,2.95,0,0
20220628,TN,25.27,74.73,10.67,0,0,0
20220621,TN,54.53,45.47,1.29,0,0,0
20220614,TN,86.29,13.71,0,0,0,0
20220607,TN,87.81,12.19,0,0,0,0
20220531,TN,80.5,19.5,0,0,0,0
20220524,TN,45.69,54.31,1.27,0,0,0
20220517,TN,62.72,37.28,0,0,0,0
20220510,TN,88.86,11.14,0,0,0,0
20220503,TN,92.72,7.28,0,0,0,0
20220426,TN,97.77,2.23,0,0,0,0
20220419,TN,98.95,1.05,0,0,0,0
20220412,TN,98.95,1.05,0,0,0,0
20220405,TN,99.46,0.54,0,0,0,0
20220329,TN,100,0,0,0,0,0
20220322,TN,100,0,0,0,0,0
20220315,TN,100,0,0,0,0,0
20220308,TN,100,0,0,0,0,0
20220301,TN,100,0,0,0,0,0
20220222,TN,98.72,1.28,0,0,0,0
20220215,TN,97.94,2.06,0,0,0,0
20220208,TN,97.94,2.06,0,0,0,0
20220201,TN,90.57,9.43,0,0,0,0
20220125,TN,97.44,2.56,0,0,0,0
20220118,TN,97.35,2.65,0,0,0,0
20220111,TN,96.93,3.07,0,0,0,0
20220104,TN,87.35,12.65,0.38,0,0,0
20211228,TN,75.91,24.09,0.63,0,0,0
20221206,TX,25.79,74.21,52.44,29.26,9.23,1.39
20221129,TX,25.86,74.14,51.97,29.26,9.23,1.39
20221122,TX,13.07,86.93,62.68,38.09,14.7,2.36
20221115,TX,10.77,89.23,64.16,38.96,14.93,2.05
20221108,TX,9.8,90.2,64.84,40.18,14.86,1.73
20221101,TX,8.1,91.9,69.56,40.13,13.43,1.73
20221025,TX,6.59,93.41,74.73,43.05,13.04,1.39
20221018,TX,6.59,93.41,71.77,43.11,12.8,1.4
20221011,TX,5.75,94.25,72.82,43.58,15.25,1.48
20221004,TX,10.94,89.06,71.07,43.13,14.01,1.63
20220927,TX,14.96,85.04,61.36,31.61,8.82,1.06
20220920,TX,21.16,78.84,60.11,31.76,8.34,0.62
20220913,TX,21.62,78.38,59.4,31.92,8.34,0.62
20220906,TX,20.57,79.43,62.32,33.57,9.26,0.9
20220830,TX,9.53,90.47,76.03,52.48,26.38,5.28
20220823,TX,5.21,94.79,87.18,71.11,43.13,12.42
20220816,TX,2.79,97.21,93.4,85.05,61.91,26.49
20220809,TX,1.03,98.97,96.3,87.5,68.21,29.09
20220802,TX,0.82,99.18,97.11,87.92,61.86,21.31
20220726,TX,0.82,99.18,97.4,85.15,60.06,18.8
20220719,TX,0.82,99.18,94.77,84.08,56.67,20.4
20220712,TX,0.76,99.24,93.82,75.7,51.8,21.32
20220705,TX,2.47,97.53,86.79,66.05,45.91,16.11
20220628,TX,3.71,96.29,86.39,64.99,43.79,15.82
20220621,TX,7.01,92.99,81.18,64.62,43.83,17.11
20220614,TX,8.59,91.41,79.97,64.03,42.47,16.78
20220607,TX,11.75,88.25,78.81,64.99,40.11,15.6
20220531,TX,14.11,85.89,78.44,66.35,44.07,17.91
20220524,TX,12.92,87.08,79.11,66.94,46.05,22.08
20220517,TX,9.57,90.43,81.42,69.47,55.79,28.91
20220510,TX,10.54,89.46,79.23,68.09,52.96,24.53
20220503,TX,8.83,91.17,80.02,67.29,50.91,23.19
20220426,TX,6.21,93.79,82.11,70.28,50.25,19.62
20220419,TX,3.87,96.13,87.38,72.46,53.54,15.91
20220412,TX,2.87,97.13,87.66,74.12,49.11,14.2
20220405,TX,4.95,95.05,84.73,71.45,40.56,9.78
20220329,TX,4.9,95.1,88.22,70.79,42.1,7.03
20220322,TX,4.28,95.72,88.24,71.31,40.38,6.2
20220315,TX,3.69,96.31,91.22,70.13,41.2,8.63
20220308,TX,3.95,96.05,89.93,68.43,36.38,6.39
20220301,TX,6.66,93.34,80.71,56.71,24.47,0
20220222,TX,7.67,92.33,79.06,52.89,22.44,0
20220215,TX,11.83,88.17,77.61,55.58,24.53,0
20220208,TX,11.83,88.17,78.09,55,23.88,0
20220201,TX,7.04,92.96,83.79,69.2,31.56,0
20220125,TX,3.71,96.29,86.71,67.46,31.84,0
20220118,TX,3.53,96.47,86.04,64.67,25.87,0
20220111,TX,3.21,96.79,82.48,62.44,21.91,0
20220104,TX,7.58,92.42,79.83,54.25,16.69,0
20211228,TX,13.02,86.98,67.27,36.58,10.65,0
20221206,UT,0,100,99.1,89.61,36.84,1.91
20221129,UT,0,100,99.4,90.91,50.55,1.91
20221122,UT,0,100,99.38,90.91,50.55,1.91
20221115,UT,0,100,99.38,90.91,50.55,1.91
20221108,UT,0,100,99.38,92.28,51.72,1.91
20221101,UT,0,100,99.38,93.86,51.72,1.91
20221025,UT,0,100,100,94.44,51.72,1.91
20221018,UT,0,100,100,94.04,51.72,3.15
20221011,UT,0,100,100,95.01,51.72,3.15
20221004,UT,0,100,100,95.63,56.39,3.63
20220927,UT,0,100,100,95.73,56.39,3.63
20220920,UT,0,100,100,95.84,56.64,3.63
20220913,UT,0,100,100,95.8,56.64,3.63
20220906,UT,0,100,100,95.8,56.64,3.63
20220830,UT,0,100,100,95.8,61.34,3.63
20220823,UT,0,100,100,96.9,62.27,3.63
20220816,UT,0,100,100,99.11,65.34,4.07
20220809,UT,0,100,100,99.6,79.12,4.07
20220802,UT,0,100,100,99.65,82.45,6.72
20220726,UT,0,100,100,99.65,83.56,7.76
20220719,UT,0,100,100,99.65,83.56,7.76
20220712,UT,0,100,100,99.64,83.03,7.76
20220705,UT,0,100,100,99.64,82.83,7.7
20220628,UT,0,100,100,99.88,82.83,7.7
20220621,UT,0,100,100,99.88,82.83,7.7
20220614,UT,0,100,100,99.88,82.83,5.71
20220607,UT,0,100,100,99.88,82.66,5.71
20220531,UT,0,100,100,99.86,71.42,0
20220524,UT,0,100,100,99.86,71.87,0
20220517,UT,0,100,100,99.47,55.67,0
20220510,UT,0,100,100,99.47,48.25,0
20220503,UT,0,100,100,99.45,43.46,0
20220426,UT,0,100,100,99.45,43.46,0
20220419,UT,0,100,100,99.39,43.46,0
20220412,UT,0,100,100,99.39,36.89,0
20220405,UT,0,100,100,99.39,36.89,0
20220329,UT,0,100,100,98.16,36.13,0
20220322,UT,0,100,100,96.93,33.34,0
20220315,UT,0,100,100,96.93,33.34,0
20220308,UT,0,100,100,96.93,33.34,0
20220301,UT,0,100,100,96.93,33.7,0
20220222,UT,0,100,100,96.88,33.64,0
20220215,UT,0,100,100,96.88,33.64,0
20220208,UT,0,100,100,93.77,33.64,0
20220201,UT,0,100,100,93.76,31.81,0
20220125,UT,0,100,100,93.76,31.81,0
20220118,UT,0,100,100,93.76,31.81,0
20220111,UT,0,100,100,93.76,31.81,0
20220104,UT,0,100,100,93.7,34.01,0
20211228,UT,0,100,100,93.85,70.7,0
20221206,VA,71.19,28.81,1.52,0,0,0
20221129,VA,63.57,36.43,2.28,0,0,0
20221122,VA,63.68,36.32,1.73,0,0,0
20221115,VA,62.08,37.92,1.73,0,0,0
20221108,VA,41.76,58.24,5.28,0,0,0
20221101,VA,53.62,46.38,3.21,0,0,0
20221025,VA,66.28,33.72,1.52,0,0,0
20221018,VA,87.1,12.9,1.52,0,0,0
20221011,VA,87.12,12.88,1.52,0,0,0
20221004,VA,87.09,12.91,1.52,0,0,0
20220927,VA,49.02,50.98,16.86,1.52,0,0
20220920,VA,65.98,34.02,10.72,1.52,0,0
20220913,VA,68.41,31.59,1.66,1.52,0,0
20220906,VA,66.2,33.8,1.65,0,0,0
20220830,VA,92.76,7.24,1.65,0,0,0
20220823,VA,95.84,4.16,0,0,0,0
20220816,VA,95.67,4.33,0,0,0,0
20220809,VA,94.11,5.89,1.66,0,0,0
20220802,VA,92.18,7.82,2.69,0,0,0
20220726,VA,74.76,25.24,4.52,0,0,0
20220719,VA,82.16,17.84,4.51,0,0,0
20220712,VA,85.22,14.78,4.7,0,0,0
20220705,VA,47.79,52.21,6.39,0,0,0
20220628,VA,65.02,34.98,1.82,0,0,0
20220621,VA,71.87,28.13,1.82,0,0,0
20220614,VA,83.19,16.81,0,0,0,0
20220607,VA,84.42,15.58,0,0,0,0
20220531,VA,84.42,15.58,0,0,0,0
20220524,VA,60.27,39.73,0.98,0,0,0
20220517,VA,53.6,46.4,4.04,0,0,0
20220510,VA,43.81,56.19,5.47,0,0,0
20220503,VA,35.5,64.5,5.47,0,0,0
20220426,VA,49.56,50.44,2.76,0,0,0
20220419,VA,49.56,50.44,2.76,0,0,0
20220412,VA,49.46,50.54,2.76,0,0,0
20220405,VA,46.58,53.42,3.84,0,0,0
20220329,VA,60.89,39.11,0,0,0,0
20220322,VA,62.41,37.59,0,0,0,0
20220315,VA,60.85,39.15,0,0,0,0
20220308,VA,54.16,45.84,0,0,0,0
20220301,VA,83.92,16.08,0,0,0,0
20220222,VA,83.31,16.69,0,0,0,0
20220215,VA,93.16,6.84,0,0,0,0
20220208,VA,93.16,6.84,0,0,0,0
20220201,VA,61.7,38.3,4.7,0,0,0
20220125,VA,61.7,38.3,4.7,0,0,0
20220118,VA,47.6,52.4,7.38,0,0,0
20220111,VA,29.88,70.12,10.65,0,0,0
20220104,VA,15.12,84.88,12.83,0,0,0
20211228,VA,7.45,92.55,59.1,6.44,0,0
20221206,VT,74.7,25.3,0,0,0,0
20221129,VT,74.7,25.3,0,0,0,0
20221122,VT,74.87,25.13,0,0,0,0
20221115,VT,74.9,25.1,0,0,0,0
20221108,VT,74.79,25.21,0.01,0,0,0
20221101,VT,74.79,25.21,0.01,0,0,0
20221025,VT,74.23,25.77,0.01,0,0,0
20221018,VT,74.23,25.77,0.01,0,0,0
20221011,VT,45.97,54.03,2.08,0,0,0
20221004,VT,45.97,54.03,2.02,0,0,0
20220927,VT,45.63,54.37,2.02,0,0,0
20220920,VT,12.33,87.67,48,1.26,0,0
20220913,VT,0.86,99.14,50.29,1.33,0,0
20220906,VT,0,100,46.03,1.33,0,0
20220830,VT,0,100,46.25,1.3,0,0
20220823,VT,14.23,85.77,28.62,1.3,0,0
20220816,VT,17.9,82.1,18.33,1.29,0,0
20220809,VT,17.5,82.5,14.66,0,0,0
20220802,VT,42.86,57.14,17.45,0,0,0
20220726,VT,42.54,57.46,17.45,0,0,0
20220719,VT,24.73,75.27,23.95,0,0,0
20220712,VT,5.2,94.8,35.91,0,0,0
20220705,VT,29.09,70.91,0.75,0,0,0
20220628,VT,29.09,70.91,0.32,0,0,0
20220621,VT,73.5,26.5,0,0,0,0
20220614,VT,100,0,0,0,0,0
20220607,VT,100,0,0,0,0,0
20220531,VT,100,0,0,0,0,0
20220524,VT,100,0,0,0,0,0
20220517,VT,86.99,13.01,0,0,0,0
20220510,VT,87.42,12.58,0,0,0,0
20220503,VT,87.42,12.58,0,0,0,0
20220426,VT,87.42,12.58,0,0,0,0
20220419,VT,87.42,12.58,0,0,0,0
20220412,VT,84.44,15.56,0,0,0,0
20220405,VT,63.91,36.09,0,0,0,0
20220329,VT,60.6,39.4,0,0,0,0
20220322,VT,32.36,67.64,0,0,0,0
20220315,VT,32.36,67.64,0,0,0,0
20220308,VT,32.36,67.64,0,0,0,0
20220301,VT,32.36,67.64,0,0,0,0
20220222,VT,30.69,69.31,0,0,0,0
20220215,VT,30.69,69.31,0,0,0,0
20220208,VT,30.69,69.31,0,0,0,0
20220201,VT,30.69,69.31,0,0,0,0
20220125,VT,74.63,25.37,0,0,0,0
20220118,VT,74.63,25.37,0,0,0,0
20220111,VT,74.63,25.37,0,0,0,0
20220104,VT,74.63,25.37,0,0,0,0
20211228,VT,74.63,25.37,0,0,0,0
20221206,WA,10.76,89.24,27.44,0,0,0
20221129,WA,6.29,93.71,44.51,0,0,0
20221122,WA,6.31,93.69,48.97,0,0,0
20221115,WA,6.31,93.69,48.97,0,0,0
20221108,WA,6.31,93.69,50.15,0,0,0
20221101,WA,0,100,74.31,15.76,0,0
20221025,WA,0,100,63.02,21.47,0,0
20221018,WA,0,100,61.36,17.38,0,0
20221011,WA,0,100,56.54,0,0,0
20221004,WA,0,100,38.41,0,0,0
20220927,WA,7.72,92.28,17.33,0,0,0
20220920,WA,19.27,80.73,6.59,0,0,0
20220913,WA,52.95,47.05,5.98,0,0,0
20220906,WA,70.53,29.47,5.98,0,0,0
20220830,WA,70.53,29.47,5.98,0,0,0
20220823,WA,70.55,29.45,5.98,0,0,0
20220816,WA,70.55,29.45,5.98,0,0,0
20220809,WA,74.28,25.72,3.45,0,0,0
20220802,WA,69.47,30.53,8.29,0,0,0
20220726,WA,65.36,34.64,8.29,0,0,0
20220719,WA,65.36,34.64,8.29,0,0,0
20220712,WA,65.43,34.57,8.29,0,0,0
20220705,WA,63.19,36.81,8.49,0,0,0
20220628,WA,63.16,36.84,8.49,0,0,0
20220621,WA,63.16,36.84,11.84,0,0,0
20220614,WA,61.6,38.4,11.84,0,0,0
20220607,WA,49.25,50.75,17.28,0,0,0
20220531,WA,49.03,50.97,33.11,17.28,0,0
20220524,WA,49.03,50.97,33.11,17.28,0,0
20220517,WA,45.78,54.22,48.12,24.72,0,0
20220510,WA,45.78,54.22,50.62,24.72,3.88,0
20220503,WA,45.78,54.22,50.65,24.19,3.9,0
20220426,WA,45.8,54.2,50.65,27.37,6.9,0
20220419,WA,45.8,54.2,50.65,27.37,6.9,0
20220412,WA,45.69,54.31,49.7,30.44,9.56,0
20220405,WA,44.07,55.93,50.01,30.44,9.56,0
20220329,WA,44.07,55.93,50.01,25.99,5.56,0
20220322,WA,44.07,55.93,50.01,25.99,5.56,0
20220315,WA,44.07,55.93,50.01,26.03,5.9,0
20220308,WA,44.07,55.93,50.01,26.03,5.9,0
20220301,WA,44.09,55.91,51.54,26.03,6.04,0
20220222,WA,43.86,56.14,51.54,26.03,6.04,0
20220215,WA,44.01,55.99,51.54,26.03,6.04,0
20220208,WA,44.01,55.99,51.54,26.04,5.9,0
20220201,WA,44.01,55.99,51.55,26.04,5.9,0
20220125,WA,44.01,55.99,51.55,26.04,5.9,0
20220118,WA,44.01,55.99,51.55,26.04,5.9,0
20220111,WA,43.92,56.08,51.55,26.04,5.9,0
20220104,WA,42.67,57.33,54.26,26.58,6.13,0
20211228,WA,39.99,60.01,56.51,32.25,10.47,0
20221206,WI,68.16,31.84,11.64,1.84,0,0
20221129,WI,68.44,31.56,11.64,1.84,0,0
20221122,WI,68.37,31.63,11.61,1.84,0,0
20221115,WI,68.37,31.63,12.01,1.84,0,0
20221108,WI,59.74,40.26,16.2,3.95,0,0
20221101,WI,33.62,66.38,27.82,3.95,0,0
20221025,WI,33.62,66.38,24.91,3.95,0,0
20221018,WI,35.65,64.35,24.91,3.95,0,0
20221011,WI,42.13,57.87,19.01,3.95,0,0
20221004,WI,46.55,53.45,12.94,3.75,0,0
20220927,WI,63.94,36.06,11,3.37,0,0
20220920,WI,73.82,26.18,9.75,2.47,0,0
20220913,WI,83.6,16.4,6.14,0.7,0,0
20220906,WI,81.13,18.87,6.38,0,0,0
20220830,WI,81.19,18.81,6.38,0,0,0
20220823,WI,72.44,27.56,12.61,2.52,0,0
20220816,WI,63.14,36.86,13,2.52,0,0
20220809,WI,64.29,35.71,12.88,1.46,0,0
20220802,WI,51.59,48.41,16.78,1.03,0,0
20220726,WI,53.86,46.14,7.46,0,0,0
20220719,WI,65.11,34.89,5.21,0,0,0
20220712,WI,64.72,35.28,7.84,0,0,0
20220705,WI,57.21,42.79,7.74,0,0,0
20220628,WI,60.01,39.99,0,0,0,0
20220621,WI,83.47,16.53,0,0,0,0
20220614,WI,82.66,17.34,0,0,0,0
20220607,WI,76.84,23.16,0,0,0,0
20220531,WI,76.84,23.16,0,0,0,0
20220524,WI,75.47,24.53,0,0,0,0
20220517,WI,75.47,24.53,0,0,0,0
20220510,WI,75.47,24.53,0,0,0,0
20220503,WI,75.37,24.63,0,0,0,0
20220426,WI,75.37,24.63,0,0,0,0
20220419,WI,68.73,31.27,14.94,0,0,0
20220412,WI,67.05,32.95,16.66,0,0,0
20220405,WI,49.61,50.39,16.9,0,0,0
20220329,WI,29.95,70.05,26.42,0.72,0,0
20220322,WI,11.62,88.38,42.31,8.96,0,0
20220315,WI,11.62,88.38,56.16,8.96,0,0
20220308,WI,11.62,88.38,65.5,8.96,0,0
20220301,WI,7.92,92.08,70.66,8.96,0,0
20220222,WI,7.92,92.08,70.66,8.96,0,0
20220215,WI,7.92,92.08,70.66,8.96,0,0
20220208,WI,11.13,88.87,66.99,5.2,0,0
20220201,WI,11.13,88.87,56.69,5.2,0,0
20220125,WI,14.8,85.2,51.39,5.2,0,0
20220118,WI,14.8,85.2,51.39,5.2,0,0
20220111,WI,14.77,85.23,51.39,5.2,0,0
20220104,WI,15.02,84.98,50.08,6.47,0,0
20211228,WI,14.98,85.02,49.89,6.47,0,0
20221206,WV,98.14,1.86,0,0,0,0
20221129,WV,98.15,1.85,0,0,0,0
20221122,WV,93.28,6.72,0,0,0,0
20221115,WV,93.28,6.72,0,0,0,0
20221108,WV,68.57,31.43,5,0,0,0
20221101,WV,86,14,0,0,0,0
20221025,WV,86,14,0,0,0,0
20221018,WV,99.98,0.02,0,0,0,0
20221011,WV,99.98,0.02,0,0,0,0
20221004,WV,99.98,0.02,0,0,0,0
20220927,WV,99.62,0.38,0,0,0,0
20220920,WV,99.62,0.38,0,0,0,0
20220913,WV,99.62,0.38,0,0,0,0
20220906,WV,99.62,0.38,0,0,0,0
20220830,WV,100,0,0,0,0,0
20220823,WV,100,0,0,0,0,0
20220816,WV,100,0,0,0,0,0
20220809,WV,98.91,1.09,0,0,0,0
20220802,WV,94.58,5.42,0,0,0,0
20220726,WV,92.63,7.37,0,0,0,0
20220719,WV,94.58,5.42,0,0,0,0
20220712,WV,94.48,5.52,0,0,0,0
20220705,WV,94.23,5.77,0,0,0,0
20220628,WV,94.57,5.43,0,0,0,0
20220621,WV,94.16,5.84,0,0,0,0
20220614,WV,96.74,3.26,0,0,0,0
20220607,WV,96.74,3.26,0,0,0,0
20220531,WV,96.74,3.26,0,0,0,0
20220524,WV,79.57,20.43,2.32,0,0,0
20220517,WV,79.82,20.18,2.32,0,0,0
20220510,WV,79.82,20.18,2.32,0,0,0
20220503,WV,45.99,54.01,2.32,0,0,0
20220426,WV,44.86,55.14,1.29,0,0,0
20220419,WV,44.86,55.14,1.29,0,0,0
20220412,WV,44.8,55.2,1.29,0,0,0
20220405,WV,33.01,66.99,1.29,0,0,0
20220329,WV,83.47,16.53,0,0,0,0
20220322,WV,89.97,10.03,0,0,0,0
20220315,WV,94.41,5.59,0,0,0,0
20220308,WV,97.66,2.34,0,0,0,0
20220301,WV,100,0,0,0,0,0
20220222,WV,100,0,0,0,0,0
20220215,WV,100,0,0,0,0,0
20220208,WV,99.89,0.11,0,0,0,0
20220201,WV,99.85,0.15,0,0,0,0
20220125,WV,99.85,0.15,0,0,0,0
20220118,WV,92.7,7.3,0,0,0,0
20220111,WV,92.6,7.4,0,0,0,0
20220104,WV,79.47,20.53,1.12,0,0,0
20211228,WV,44.36,55.64,9.48,0,0,0
20221206,WY,25.65,74.35,54.41,28.59,6.45,0
20221129,WY,25.67,74.33,55.88,28.59,6.45,0
20221122,WY,18.41,81.59,56.81,28.63,6.45,0
20221115,WY,18.41,81.59,56.81,28.63,6.45,0
20221108,WY,14.07,85.93,56.81,29.84,7.14,0
20221101,WY,14.07,85.93,53.51,26.16,3.54,0
20221025,WY,14.07,85.93,53.51,26.16,3.54,0
20221018,WY,14.18,85.82,51.33,22.83,3.51,0
20221011,WY,18.67,81.33,46.52,20.11,3.51,0
20221004,WY,18.16,81.84,46.65,20.02,3.56,0
20220927,WY,15.67,84.33,52.52,20.01,3.71,0
20220920,WY,14.49,85.51,53.23,21.23,3.71,0
20220913,WY,13.34,86.66,53.81,21.24,1.59,0
20220906,WY,9.86,90.14,59.08,21.24,1.59,0
20220830,WY,9.86,90.14,55.53,21.24,1.59,0
20220823,WY,9.89,90.11,55.53,21.24,1.59,0
20220816,WY,9.89,90.11,54.78,21.24,1.59,0
20220809,WY,7.48,92.52,62.67,27.95,5.46,0
20220802,WY,6.33,93.67,62.88,24.95,7.11,0
20220726,WY,10.4,89.6,62.89,24.96,7.11,0
20220719,WY,10.56,89.44,62.81,24.96,5.09,0
20220712,WY,11.62,88.38,60.24,24.53,3.64,0
20220705,WY,12.85,87.15,59.52,26.19,3.64,0
20220628,WY,12.8,87.2,59.34,27.94,3.64,0
20220621,WY,7.79,92.21,63.72,27.95,4.5,0
20220614,WY,7.31,92.69,64.56,23.46,4.5,0
20220607,WY,3.84,96.16,69.41,23.9,5.11,0
20220531,WY,0,100,89.52,24.27,5.29,0
20220524,WY,0,100,92.59,47.24,8.1,0
20220517,WY,0,100,92.59,47.06,5.65,0
20220510,WY,0,100,92.82,51.27,5.65,0
20220503,WY,0,100,94.14,55.65,8.1,0
20220426,WY,0,100,94.14,58.87,18.29,0
20220419,WY,0,100,97.67,63.55,20.64,0
20220412,WY,0,100,97.63,59.92,20.56,0
20220405,WY,0,100,97.15,59.92,20.23,0
20220329,WY,0,100,97.15,60.91,20.03,0
20220322,WY,0,100,97.17,60.57,20.03,0
20220315,WY,0,100,97.33,62.83,19.65,0
20220308,WY,0,100,97.33,66.82,13.68,0
20220301,WY,0,100,97.86,66.82,14.18,0
20220222,WY,0,100,97.59,66.82,12.74,0
20220215,WY,0,100,97.59,66.81,11.07,0
20220208,WY,0,100,96.25,66.74,9.06,0
20220201,WY,0,100,96.25,64.74,6.03,0
20220125,WY,0,100,97.78,65.74,6.03,0
20220118,WY,0,100,97.25,65.74,4.63,0
20220111,WY,0,100,97.25,64.56,10.7,0
20220104,WY,0,100,97.93,65.27,10.98,0
20211228,WY,0,100,96.71,61.3,14.2,0